source,id,name,businessName,title,sector,subSector,industry,location,district,address,phone,email,emails,website,score,enrichmentLevel,validationStatus,whatsapp,review_count,review_rating,latitude,longitude,place_id,socialLinks,slug,createdAt
existing_db,MG-768e7caf-053,Faxter,Faxter,,logistics,,logistics / AI SaaS,"Jabi, Abuja",Jabi,,+2349085287243,,,,,,,,,,,,,"Facebook, LinkedIn",faxter,2026-06-17T10:00:00Z
existing_db,MG-768e7caf-056,General and Health Logistics Intl,General and Health Logistics Intl,,logistics,,logistics,"Idu, Abuja",Idu,,+2348033039280,,,,,,,,,,,,,"LinkedIn, Facebook",general-and-health-logistics-intl,2026-06-17T10:00:00Z
existing_db,MG-768e7caf-072,,Jld Logistics Services,,,,logistics,"Kubwa, Abuja",,,,,,,,,,,,,,,,None found,jld-logistics-services,
existing_db,MG-768e7caf-075,,Khome Global Logistics,,,,logistics,"Dutse, Abuja",,,,,,,,,,,,,,,,"Facebook, LinkedIn",khome-global-logistics,
existing_db,MG-768e7caf-084,Malez Movers and Logistics,Malez Movers and Logistics,,logistics,,logistics / moving and relocation,"Gwarimpa, Abuja",Gwarimpa,,+2348036996812,,,,,,,,,,,,,WhatsApp,malez-movers-and-logistics,2026-06-17T10:00:00Z
existing_db,MG-768e7caf-087,Messenger Nigeria,Messenger Nigeria,,logistics,,logistics / last-mile delivery,Abuja,Abuja,,+2348074949847,,,,,,,,,,,,,"LinkedIn, Twitter, Facebook",messenger-nigeria,2026-06-17T10:00:00Z
existing_db,MG-768e7caf-092,Nairaxi,Nairaxi,,logistics,,logistics / transport technology,"Wuse, Abuja",Wuse,,+2348053682130,,,,,,,,,,,,,"LinkedIn, Twitter, Facebook, Instagram, YouTube",nairaxi,2026-06-17T10:00:00Z
existing_db,MG-768e7caf-115,,Red Star Express Abuja,,,,logistics / courier and freight,"Wuse, Abuja",,,,,,,,,,,,,,,,"LinkedIn, Twitter, Facebook, Instagram",red-star-express-abuja,
existing_db,MG-768e7caf-127,SMWdrivers,SMWdrivers,,logistics,,logistics / driver-platform,"Wuse, Abuja",Wuse,,+2349071155555,,,,,,,,,,,,,Facebook,smwdrivers,2026-06-17T10:00:00Z
existing_db,MG-768e7caf-134,,SimmySally Haulage & Logistics,,,,logistics / haulage,"Garki, Abuja",,,,,,,,,,,,,,,,Facebook,simmysally-haulage-and-logistics,
existing_db,MG-768e7caf-135,Simpres Logistics and Co Ltd,Simpres Logistics and Co Ltd,,logistics,,logistics / car rental,"Jahi, Abuja",Jahi,,+2348032559203,,,,,,,,,,,,,"Twitter, Facebook, Instagram",simpres-logistics-and-co-ltd,2026-06-17T10:00:00Z
existing_db,MG-768e7caf-065,Hanyi 360 Movers,Hanyi 360 Movers,,Logistics,movers,logistics,"Jabi, Abuja",Jabi,,+2348062464484,,,,50,basic,valid,YES,,,,,,Not searched,hanyi-360-movers,2026-06-18T18:20:24.879385
existing_db,MG-768e7caf-069,Interstate Ambulance Services,Interstate Ambulance Services,,logistics,ambulance,logistics,"Kubwa, Abuja",Kubwa,,+2348034348268,,,,50,basic,valid,YES,,,,,,Not searched,interstate-ambulance-services,2026-06-17T10:00:00Z
existing_db,MG-768e7caf-098,Ola Express,Ola Express,,logistics,transport,logistics,"Garki, Abuja",Garki,,+2348100323989,,,,50,basic,valid,YES,,,,,,Not searched,ola-express,2026-06-17T10:00:00Z
existing_db,MG-768e7caf-099,Ola Express (Alt),Ola Express (Alt),,logistics,transport,logistics,"Garki, Abuja",Garki,,+2347033528462,,,,50,basic,valid,YES,,,,,,Not searched,ola-express-alt,2026-06-17T10:00:00Z
existing_db,MG-768e7caf-112,Pro Packers & Movers,Pro Packers & Movers,,Logistics,movers,logistics,"Wuse 2, Abuja",Wuse 2,,+2349073896565,,,,50,basic,valid,YES,,,,,,Not searched,pro-packers-and-movers,2026-06-18T18:20:24.879385
existing_db,MG-768e7caf-121,Rivers Transport Company Ltd,Rivers Transport Company Ltd,,logistics,transport,logistics,"Nyanya, Abuja",Nyanya,,+2348036603788,,,,50,basic,valid,YES,,,,,,Not searched,rivers-transport-company-ltd,2026-06-17T10:00:00Z
existing_db,MG-768e7caf-125,Royal Mails Express,Royal Mails Express,,Logistics,courier,logistics,"Wuse, Abuja",Wuse,,+2348028256419,,,,50,basic,valid,YES,,,,,,Not searched,royal-mails-express,2026-06-18T18:20:24.879385
existing_db,MG-768e7caf-136,Soldan Nigeria Limited,Soldan Nigeria Limited,,logistics,logistics,logistics,"Bwari, Abuja",Bwari,,+2347062043677,,,,50,basic,valid,YES,,,,,,Not searched,soldan-nigeria-limited,2026-06-17T10:00:00Z
existing_db,MG-768e7caf-152,The Movers,The Movers,,logistics,moving,logistics,"Garki, Abuja",Garki,,+2347034364029,,,,50,basic,valid,YES,,,,,,Not searched,the-movers,2026-06-17T10:00:00Z
existing_db,MG-768e7caf-035,Crystal Wheels,Crystal Wheels,,Logistics,transport,logistics,"Wuse, Abuja",Wuse,,+2348084068078,crystalwheelss@gmail.com,,,65,basic,valid,YES,,,,,,Not searched,crystal-wheels,2026-06-18T18:20:24.879385
existing_db,MG-768e7caf-048,Etienergy Services Limited,Etienergy Services Limited,,Logistics,haulage,logistics,"Gwarinpa, Abuja",Gwarinpa,,+2348039293154,etienergysl@yahoo.com,,,65,basic,valid,YES,,,,,,Not searched,etienergy-services-limited,2026-06-18T18:20:24.879385
existing_db,MG-768e7caf-049,Extraextreme Ventures,Extraextreme Ventures,,Logistics,movers,logistics,"Wuse, Abuja",Wuse,,+2348120361465,extraextremeventures@gmail.com,,,65,basic,valid,YES,,,,,,Not searched,extraextreme-ventures,2026-06-18T18:20:24.879385
existing_db,MG-768e7caf-078,Krischek Haulage Services,Krischek Haulage Services,,Logistics,haulage,logistics,"Jabi, Abuja",Jabi,,+2347054571401,krischekengineering@gmail.com,,,65,basic,valid,YES,,,,,,Not searched,krischek-haulage-services,2026-06-18T18:20:24.879385
existing_db,MG-768e7caf-081,Lea's RoadRunners,Lea's RoadRunners,,Logistics,logistics,logistics,"Wuse, Abuja",Wuse,,+2348149576700,leasplacee@gmail.com,,,65,basic,valid,YES,,,,,,Not searched,leas-roadrunners,2026-06-18T18:20:24.879385
existing_db,MG-768e7caf-088,Moove Haulage,Moove Haulage,,Logistics,haulage,logistics,"Dei Dei, Abuja",Dei Dei,,+2347062296926,blekko101@gmail.com,,,65,basic,valid,YES,,,,,,Not searched,moove-haulage,2026-06-18T18:20:24.879385
existing_db,MG-768e7caf-143,Tarana Logistics and Procurement Ltd,Tarana Logistics and Procurement Ltd,,Logistics,logistics,logistics,"Gaduwa, Abuja",Gaduwa,,+2348056206426,tarana.enitan@gmail.com,,,65,basic,valid,YES,,,,,,Not searched,tarana-logistics-and-procurement-ltd,2026-06-18T18:20:24.879385
existing_db,MG-768e7caf-144,Teekachi Nigeria Limited,Teekachi Nigeria Limited,,logistics,haulage,logistics,"Maitama, Abuja",Maitama,,+2348038490939,teekachinig@gmail.com,,,65,basic,valid,YES,,,,,,Not searched,teekachi-nigeria-limited,2026-06-17T10:00:00Z
existing_db,MG-768e7caf-002,Abia Line Courier Services,Abia Line Courier Services,,Logistics,courier,logistics,"Utako, Abuja",Utako,,+2348037485226,,,,50,basic,valid,YES,,,,,,Not searched,abia-line-courier-services,2026-06-18T18:20:24.879385
existing_db,MG-768e7caf-003,Abitex Express,Abitex Express,,Logistics,courier,logistics,"Jabi, Abuja",Jabi,,+2348031372727,,,,50,basic,valid,YES,,,,,,Not searched,abitex-express,2026-06-18T18:20:24.879385
existing_db,MG-768e7caf-036,D & P Relocation Services,D & P Relocation Services,,Logistics,movers,logistics,"Gwarinpa, Abuja",Gwarinpa,,+2348064652270,,,,50,basic,valid,YES,,,,,,Not searched,d-and-p-relocation-services,2026-06-18T18:20:24.879385
existing_db,MG-768e7caf-043,Domestic and General Cargo Ltd,Domestic and General Cargo Ltd,,Logistics,haulage,logistics,"Gwarinpa, Abuja",Gwarinpa,,+2348033244969,,,,50,basic,valid,YES,,,,,,Not searched,domestic-and-general-cargo-ltd,2026-06-18T18:20:24.879385
existing_db,LOG-002,ANCAPS Logistics,,,logistics,,,,Karu,,+2347030704162,,,,,,,,,,,,,,,2026-06-17T10:00:00Z
existing_db,LOG-008,Callmycab Services,,,logistics,,,,Durumi,,+2347083382017,,,,,,,,,,,,,,,2026-06-17T10:00:00Z
existing_db,LOG-012,Travelwell Limited,,,logistics,travel,,,Garki,,+2348033142721,info@travelwell.com.ng,,travelwell.com.ng,90,deep,valid,YES,,,,,,,,2026-06-17T10:00:00Z
existing_db,LOG-016,Quartz Link Resources Ltd,,,logistics,courier,,,Wuse,,+2348036201133,info@quartzlinkresources.com,,https://quartzlinkresources.com/,90,deep,valid,NO,,,,,,,,2026-06-17T10:00:00Z
existing_db,LOG-023,Auto Best Trackers Nigeria,,,logistics,gps-tracking,,,Kubwa,,+2348093038718,,,autobesttrackers.com.ng,75,deep,valid,YES,,,,,,,,2026-06-17T10:00:00Z
existing_db,LOG-025,Eaglenet Logistic Services Ltd,,,logistics,,,,Airport Rd,,+2348105570699,,,,,,,,,,,,,,,2026-06-17T10:00:00Z
existing_db,LOG-027,Alele Movers,,,logistics,,,,Galadima,,+2348111107037,,,,,,,,,,,,,,,2026-06-17T10:00:00Z
existing_db,peace-mass-transit-limited,Peace Mass Transit Limited,Peace Mass Transit Limited,,Logistics,Courier/Freight/Logistics,Logistics,"Lokoja, North-Central Nigeria",,,07007322362,,,,50,basic,pending,UNKNOWN,,,,,,,,2026-06-30
existing_db,cross-country-limited,Cross Country Limited,Cross Country Limited,,Logistics,Courier/Freight/Logistics,Logistics,"Lafia, North-Central Nigeria",,,08028447950,,,,50,basic,pending,NO,,,,,,,,2026-06-30
existing_db,ocenj-logistics,Ocenj Logistics,Ocenj Logistics,,Logistics,Courier/Freight/Logistics,Logistics,"Abuja, Nigeria",,,+2347066752649,,,,50,basic,pending,NO,,,,,,,,2026-06-29
existing_db,bykemessengers,BykeMessengers,BykeMessengers,,Logistics,Courier/Freight/Logistics,Logistics,"Owerri, Southeast Nigeria",,,08039886701,,,,50,basic,pending,YES,,,,,,,,2026-06-30
existing_db,aguxpress-logistics,AguXpress Logistics,AguXpress Logistics,,Logistics,Courier/Freight/Logistics,Logistics,"Awka, Southeast Nigeria",,,07087673400,,,https://www.aguxpress.com,50,basic,pending,YES,,,,,,,,2026-06-30
existing_db,prowise-logistics,Prowise Logistics,Prowise Logistics,,Logistics,Courier/Transport/Logistics,Logistics,"Abeokuta, Southwest Nigeria",,,+2348149496307,,,,50,basic,pending,NO,,,,,,,,2026-06-29
existing_db,keen-rides,KEEN Rides,KEEN Rides,,Logistics,Courier/Freight/Logistics,Logistics,"Ado Ekiti, Southwest Nigeria",,,08036284402,,,,50,basic,pending,UNKNOWN,,,,,,,,2026-06-30
existing_db,anthil-crest-limited,Anthil Crest Limited,Anthil Crest Limited,,Logistics,Courier/Freight/Logistics,Logistics,"Abuja, Nigeria",,,+2348039645368,,,,50,basic,pending,NO,,,,,,,,2026-06-29
existing_db,chisco-brothers-international,Chisco Brothers International,Chisco Brothers International,,Logistics,Courier/Freight/Logistics,Logistics,"Abuja, Nigeria",,,+2347088782104,,,,50,basic,pending,YES,,,,,,,,2026-06-29
existing_db,derron-shipping-logistics,Derron Shipping and Logistics Ltd,Derron Shipping and Logistics Ltd,,Logistics,maritime,Logistics,"Lagos, Nigeria",,,+2348032269251,dsl@derronshipping.com,,https://derronshipping.com,50,basic,pending,NO,,,,,,,,2026-06-30
existing_db,kos-deliveries,Kos Deliveries,Kos Deliveries,,Logistics,Courier/Transport/Logistics,Logistics,"Akure, Southwest Nigeria",,,+2348183460555,,,,50,basic,pending,NO,,,,,,,,2026-06-29
existing_db,tranex-courier-onitsha,TRANEX Courier Onitsha,TRANEX Courier (Trans-Nationwide Express Plc),,Logistics,Courier/Freight/Logistics,Logistics,"Onitsha, Southeast Nigeria",,,08123682573,,,,50,basic,pending,NO,,,,,,,,2026-06-30
existing_db,first-move-logistics,First Move Logistics,First Move Logistics,,Logistics,Freight/Logistics,Logistics,"Port Harcourt, South-South Nigeria",,,+2348085273309,,,,50,basic,pending,YES,,,,,,,,2026-06-29
existing_db,mugathman-motors-logistics-ltd,Mugathman Motors & Logistics Ltd,Mugathman Motors & Logistics Ltd,,Logistics,Logistics/Haulage,Logistics,"Kano, Northern Nigeria",,,+2348033395299,,,mugathmanmotors.com,50,basic,pending,YES,,,,,,,,2026-06-29
existing_db,qwirck-logistics-ltd,Qwirck Logistics Ltd,Qwirck Logistics Ltd,,Logistics,Courier/Freight/Logistics,Logistics,"Akure, Southwest Nigeria",,,08072971066,,,,50,basic,pending,UNKNOWN,,,,,,,,2026-06-30
existing_db,ascent-transport-management,Ascent Transport Management,Ascent Transport Management,,Logistics,Courier/Freight/Logistics,Logistics,"Enugu, Southeast Nigeria",,,09033933118,,,,50,basic,pending,NO,,,,,,,,2026-06-30
existing_db,courierplus-services,CourierPlus Services,CourierPlus Services,,Logistics,Courier/Transport/Logistics,Logistics,"Ibadan, Southwest Nigeria",,,+2349038868669,,,,50,basic,pending,NO,,,,,,,,2026-06-29
existing_db,nahco-logistics-services-limited,Nahco Logistics Services Limited,Nahco Logistics Services Limited,,Logistics,Freight Forwarding/Customs Clearing,Logistics,"Lagos, Nigeria",,,+2349099209056,info@nahcologistics.com,,https://nahcologistics.com,50,basic,pending,NO,,,,,,,,2026-06-29
existing_db,speedpro-logistics,SpeedPro Logistics,SpeedPro Logistics,,Logistics,Courier/Freight/Logistics,Logistics,"Oyo Town, Southwest Nigeria",,,07075341836,,,https://speedprologistics.com,50,basic,pending,UNKNOWN,,,,,,,,2026-06-30
existing_db,harmony-transport-services-ltd,Harmony Transport Services Ltd,Harmony Transport Services Ltd,,Logistics,Courier/Transport/Logistics,Logistics,"Ilorin, Southwest Nigeria",,,+2348140685304,,,,50,basic,pending,NO,,,,,,,,2026-06-29
existing_db,peculiar-golden-heritage-intl,Peculiar Golden Heritage Intl,Peculiar Golden Heritage Intl,,Logistics,Courier/Freight/Logistics,Logistics,"Ifo, Southwest Nigeria",,,08023425018,,,,50,basic,pending,UNKNOWN,,,,,,,,2026-06-30
existing_db,advance-logistics-services,Advance Logistics Services Ltd,Advance Logistics Services Ltd,,Logistics,freight,Logistics,"Lagos, Nigeria",,,+2348078929900,info@advancelogisticservices.com,,https://advancelogisticservices.com,50,basic,pending,YES,,,,,,,,2026-06-30
existing_db,mfc-international-agencies-ltd,MFC International Agencies Ltd,MFC International Agencies Ltd,,Logistics,Clearing & Forwarding,Logistics,"Calabar, South-South Nigeria",,,+2348037195423,,,,50,basic,pending,YES,,,,,,,,2026-06-29
existing_db,dhl-abakaliki,DHL Abakaliki,DHL International,,Logistics,Courier/Freight/Logistics,Logistics,"Abakaliki, Southeast Nigeria",,,07064771413,,,https://www.dhl.com,50,basic,pending,NO,,,,,,,,2026-06-30
existing_db,red-star-express-fedex-onitsha,Red Star Express Fedex Onitsha,Red Star Express Fedex Plc,,Logistics,Courier/Freight/Logistics,Logistics,"Onitsha, Southeast Nigeria",,,09062071819,,,https://redstarplc.com,50,basic,pending,UNKNOWN,,,,,,,,2026-06-30
existing_db,kay-unique-nigeria,Kay Unique Nigeria Ltd,Kay Unique Nigeria Ltd,,Logistics,customs clearing,Logistics,"Lagos, Nigeria",,,+2348023500207,kayuniq@gmail.com,,https://kayuniquenigerialtd.com.ng,50,basic,pending,UNKNOWN,,,,,,,,2026-06-30
existing_db,speedaf-logistics,Speedaf Logistics,Speedaf Logistics,,Logistics,Freight/Logistics,Logistics,"Port Harcourt, South-South Nigeria",,,+2348000707070,,,http://www.speedaf.com/,50,basic,pending,NO,,,,,,,,2026-06-29
existing_db,abc-cargo-express-onitsha,ABC Cargo Express Onitsha,ABC Cargo Express,,Logistics,Courier/Freight/Logistics,Logistics,"Onitsha, Southeast Nigeria",,,08142552426,,,,50,basic,pending,NO,,,,,,,,2026-06-30
existing_db,dhl-office-ilesa,DHL Office Ilesa,DHL Office Ilesa,,Logistics,Courier/Freight/Logistics,Logistics,"Ilesa, Southwest Nigeria",,,08033529218,,,https://www.dhl.com,50,basic,pending,YES,,,,,,,,2026-06-30
existing_db,tim-tali-transport,Tim Tali Transport,Tim Tali Transport,,Logistics,Courier/Freight/Logistics,Logistics,"Jos, North-Central Nigeria",,,08082726332,,,,50,basic,pending,UNKNOWN,,,,,,,,2026-06-30
existing_db,errande-ltd,Errande Ltd,Errande Ltd,,Logistics,Logistics,Logistics,"Kaduna, Northern Nigeria",,,07028163741,,,,50,basic,pending,NO,,,,,,,,2026-06-29
existing_db,gatec-technical-and-logistic-services,Gatec Technical and Logistic Services,Gatec Technical and Logistic Services,,Logistics,Courier/Freight/Logistics,Logistics,"Agbara, Southwest Nigeria",,,08068442058,,,,50,basic,pending,NO,,,,,,,,2026-06-30
existing_db,steve-imafidon-and-sons-limited,Steve Imafidon And Sons Limited,Steve Imafidon And Sons Limited,,Logistics,Freight/Logistics,Logistics,"Benin City, South-South Nigeria",,,+2348053198000,,,,50,basic,pending,YES,,,,,,,,2026-06-29
existing_db,trans-nationwide-express-plc,Trans Nationwide Express Plc,Trans Nationwide Express Plc,,Logistics,Courier/Freight/Logistics,Logistics,"Abuja, Nigeria",,,+2348025697917,,,,50,basic,pending,NO,,,,,,,,2026-06-29
existing_db,blue-link-logistics-ltd,Blue Link Logistics Ltd,Blue Link Logistics Ltd,,Logistics,Logistics,Logistics,"Kaduna, Northern Nigeria",,,08036382617,,,,50,basic,pending,YES,,,,,,,,2026-06-29
existing_db,ifex-express-limited,Ifex Express Limited,Ifex Express Limited,,Logistics,Courier/Freight/Logistics,Logistics,"Abuja, Nigeria",,,+2348070591802,,,,50,basic,pending,NO,,,,,,,,2026-06-29
existing_db,eclipse-delivery-services,Eclipse Delivery Services,Eclipse Delivery Services,,Logistics,Courier/Transport/Logistics,Logistics,"Ibadan, Southwest Nigeria",,,+2348187154281,,,,50,basic,pending,YES,,,,,,,,2026-06-29
existing_db,mds-logistics-limited,MDS Logistics Limited,MDS Logistics Limited,,Logistics,Courier/Freight/Logistics,Logistics,"Ilorin, Southwest Nigeria",,,08159890198,,,,50,basic,pending,UNKNOWN,,,,,,,,2026-06-30
existing_db,sunny-ebi-multi-systems-limited,Sunny-Ebi Multi Systems Limited,Sunny-Ebi Multi Systems Limited,,Logistics,Oil & Gas Logistics,Logistics,"Warri, South-South Nigeria",,,+2348064403149,,,http://www.sunny-ebimultisystemsltd.com/,50,basic,pending,YES,,,,,,,,2026-06-29
existing_db,young-shall-grow-motors,Young Shall Grow Motors,Young Shall Grow Motors,,Logistics,Courier/Freight/Logistics,Logistics,"Jos, North-Central Nigeria",,,08065587947,,,,50,basic,pending,UNKNOWN,,,,,,,,2026-06-30
existing_db,o3-transport-services,O3 Transport Services,O3 Transport Services,,Logistics,Courier/Freight/Logistics,Logistics,"Abeokuta, Southwest Nigeria",,,08136413558,,,,50,basic,pending,UNKNOWN,,,,,,,,2026-06-30
existing_db,med-co,Med Co.,Med Co.,,Logistics,Logistics,Logistics,"Kano, Northern Nigeria",,,07036133681,,,,50,basic,pending,YES,,,,,,,,2026-06-29
existing_db,ocean-port-marine-logistics,Ocean and Port Marine Logistics Ltd,Ocean and Port Marine Logistics Ltd,,Logistics,maritime,Logistics,"Lagos, Nigeria",,,+2348033254977,,,,50,basic,pending,UNKNOWN,,,,,,,,2026-06-30
existing_db,halcyon-cavic-nigeria-limited,Halcyon Cavic Nigeria Limited,Halcyon Cavic Nigeria Limited,,Logistics,Oil & Gas Logistics,Logistics,"Warri, South-South Nigeria",,,+2349093020415,,,www.halcyoncavic.com,50,basic,pending,NO,,,,,,,,2026-06-29
existing_db,bm-global-import-export,BM Global Import and Export Co Ltd,BM Global Import and Export Co Ltd,,Logistics,customs clearing,Logistics,"Lagos, Nigeria",,,+2348130010080,contacts@bmglobal.ng,,https://bmglobal.ng,50,basic,pending,YES,,,,,,,,2026-06-30
existing_db,shoreline-logistics-nigeria-ltd,Shoreline Logistics Nigeria Ltd,Shoreline Logistics Nigeria Ltd,,Logistics,Port/Marine Logistics,Logistics,"Calabar, South-South Nigeria",,,+2348080261713,,,,50,basic,pending,YES,,,,,,,,2026-06-29
existing_db,the-lords-express-limited,The Lords Express Limited,The Lords Express Limited,,Logistics,Courier/Freight/Logistics,Logistics,"Enugu, Southeast Nigeria",,,09099154832,,,,50,basic,pending,UNKNOWN,,,,,,,,2026-06-30
existing_db,gac-nigeria,GAC Nigeria,GAC Nigeria,,Logistics,maritime,Logistics,"Lagos, Nigeria",,,+2348054090033,,,https://gac.com/nigeria,50,basic,pending,YES,,,,,,,,2026-06-30
existing_db,MG-768e7caf-165,Valgee Transport Services,,,Logistics,transport,,,Wuse 2,,+2349068652712,hi@valgee.com,,valgee.com,90,deep,valid,YES,,,,,,,,2026-06-18T18:20:24.879385
existing_db,lagos-logistics-limited,Lagos Logistics Limited,Lagos Logistics Limited,,Logistics,Logistics Services,Logistics,"Lagos, Nigeria",,,+2348137632121,,,,50,basic,pending,YES,,,,,,,,2026-06-29
existing_db,tradeways-express-courier,Tradeways Express Courier,Tradeways Express - Courier Services,,Logistics,Courier/Freight/Logistics,Logistics,"Owerri, Southeast Nigeria",,,08039470559,,,,50,basic,pending,UNKNOWN,,,,,,,,2026-06-30
existing_db,universal-amity-emporium-ltd,Universal Amity Emporium Ltd,Universal Amity Emporium Ltd,,Logistics,Courier/Transport/Logistics,Logistics,"Ilorin, Southwest Nigeria",,,+2348108385747,,,,50,basic,pending,NO,,,,,,,,2026-06-29
existing_db,chibyke-global-shipping-service,Chibyke Global Shipping Service,Chibyke Global Shipping Service,,Logistics,Shipping/Freight,Logistics,"Onitsha, South-South Nigeria",,,+2348037098314,,,,50,basic,pending,NO,,,,,,,,2026-06-29
existing_db,macdon-express-courier-services,MacDon Express Courier Services,MacDon Express Courier Services,,Logistics,Courier/Freight/Logistics,Logistics,"Enugu, Southeast Nigeria",,,08073270229,,,,50,basic,pending,UNKNOWN,,,,,,,,2026-06-30
existing_db,hammsville-logistics-ltd,Hammsville Logistics Ltd,Hammsville Logistics Ltd,,Logistics,Courier/Transport/Logistics,Logistics,"Ibadan, Southwest Nigeria",,,+2347052345167,,,,50,basic,pending,YES,,,,,,,,2026-06-29
existing_db,southern-connect-limited,Southern Connect Limited,Southern Connect Limited,,Logistics,Courier/Transport/Logistics,Logistics,"Akure, Southwest Nigeria",,,+2347044440187,,,,50,basic,pending,YES,,,,,,,,2026-06-29
existing_db,abc-transport,ABC Transport,ABC Transport,,Logistics,Courier/Freight/Logistics,Logistics,"Abuja, Nigeria",,,+2348142552437,,,,50,basic,pending,NO,,,,,,,,2026-06-29
existing_db,whole-deliveries,Whole Deliveries,Whole Deliveries,,Logistics,Courier/Freight/Logistics,Logistics,"Abuja, Nigeria",,,+2349061844629,,,,50,basic,pending,NO,,,,,,,,2026-06-29
existing_db,abc-transport-shuttle-services,ABC Transport Shuttle Services,ABC Transport Shuttle Services,,Logistics,Transport/Logistics,Logistics,"Kaduna, Northern Nigeria",,,08034910292,,,,50,basic,pending,YES,,,,,,,,2026-06-29
existing_db,wolid-international-services,Wolid International Services Ltd,Wolid International Services Ltd,,Logistics,freight,Logistics,"Lagos, Nigeria",,,+2347044064866,wolid_idowushipping@yahoo.com,,https://wolidinternationalltd.net,50,basic,pending,UNKNOWN,,,,,,,,2026-06-30
existing_db,ekesons-parcel-services-limited,Ekesons Parcel Services Limited,Ekesons Parcel Services Limited,,Logistics,Courier/Freight/Logistics,Logistics,"Abuja, Nigeria",,,+2348127912995,,,,50,basic,pending,NO,,,,,,,,2026-06-29
existing_db,nuelhe-multi-resource,Nuelhe Multi-Resource Solutions Ltd,Nuelhe Multi-Resource Solutions Ltd,,Logistics,customs clearing,Logistics,"Lagos, Nigeria",,,+2349066044298,contact@nuelhe-mrsl.com,,https://nuelhe-mrsl.com,50,basic,pending,UNKNOWN,,,,,,,,2026-06-30
existing_db,reliance-freight-services,Reliance Freight Services,Reliance Freight Services,,Logistics,Courier/Freight/Logistics,Logistics,"Abuja, Nigeria",,,+23493148401,,,,50,basic,pending,NO,,,,,,,,2026-06-29
existing_db,dan-dollars-group-limited,Dan Dollars Group Limited,Dan Dollars Group Limited,,Logistics,Courier/Freight/Logistics,Logistics,"Aba, Southeast Nigeria",,,08036767569,,,,50,basic,pending,NO,,,,,,,,2026-06-30
existing_db,MG-768e7caf-171,Zenith Carex International,,,Logistics,courier,,,Garki,,+2347032114180,info@zenithcarex.com,,zenithcarex.com,90,deep,valid,YES,,,,,,,,2026-06-18T18:20:24.879385
existing_db,happy-helpers,Happy Helpers,Happy Helpers,,Logistics,Courier/Transport/Logistics,Logistics,"Abeokuta, Southwest Nigeria",,,+2348064356821,,,,50,basic,pending,YES,,,,,,,,2026-06-29
existing_db,swish-nigeria,Swish Nigeria,Swish Nigeria,,Logistics,Courier/Freight/Logistics,Logistics,"Abuja, Nigeria",,,+2348068343602,,,,50,basic,pending,NO,,,,,,,,2026-06-29
existing_db,haul-affairs-logistics-nigeria-limited,Haul Affairs Logistics Nigeria Limited,Haul Affairs Logistics Nigeria Limited,,Logistics,Freight Forwarding/Haulage,Logistics,"Lagos, Nigeria",,,+2348062976558,info@haulaffairs.com,,https://haulaffairs.com,50,basic,pending,YES,,,,,,,,2026-06-29
existing_db,pellucid-prime-logistics,Pellucid Prime Logistics,Pellucid Prime,,Logistics,Courier/Freight/Logistics,Logistics,"Owerri, Southeast Nigeria",,,07062694448,,,,50,basic,pending,UNKNOWN,,,,,,,,2026-06-30
existing_db,nipost-totoro-branch,NIPOST Totoro Branch,NIPOST Totoro Branch,,Logistics,Courier/Freight/Logistics,Logistics,"Abeokuta, Southwest Nigeria",,,08079037402,,,,50,basic,pending,UNKNOWN,,,,,,,,2026-06-30
existing_db,MG-768e7caf-134,Asfranz Movers Ltd,,,Logistics,logistics,,,Wuse 2,,+2347064280114,asfranzmovers@gmail.com,,https://asfranzmoversltd.com,90,deep,valid,NO,,,,,,,,2026-06-18T18:20:24.879385
existing_db,MG-768e7caf-030,City Errands,,,Logistics,courier,,,Lokogoma,,+2347061111160,info@cityerrandsng.com,,https://cityerrandsng.com/,90,deep,valid,YES,,,,,,,,2026-06-18T18:20:24.879385
existing_db,fortunecrest-services-limited,FortuneCrest Services Limited,FortuneCrest Services Limited,,Logistics,cold chain,Logistics,"Port Harcourt, Nigeria",,,+2349164792326,fortcrest@yahoo.com,,https://fortunecrestng.com,50,basic,pending,YES,,,,,,,,2026-06-30
existing_db,ups-center-abuja,UPS Center Abuja,UPS Center Abuja,,Logistics,Courier/Freight/Logistics,Logistics,"Abuja, Nigeria",,,+2348157896287,,,,50,basic,pending,NO,,,,,,,,2026-06-29
existing_db,oloyede-and-sons-nigeria-enterprise,Oloyede and Sons Nigeria Enterprise,Oloyede and Sons Nigeria Enterprise,,Logistics,Courier/Freight/Logistics,Logistics,"Abeokuta, Southwest Nigeria",,,08066481626,,,,50,basic,pending,UNKNOWN,,,,,,,,2026-06-30
existing_db,cvi-logistics,CVI Logistics,CVI Logistics,,Logistics,Courier/Freight/Logistics,Logistics,"Aba, Southeast Nigeria",,,08104816445,,,,50,basic,pending,YES,,,,,,,,2026-06-30
existing_db,kj-cargo-and-logistics-services-ltd,KJ Cargo and Logistics Services Ltd,KJ Cargo and Logistics Services Ltd,,Logistics,Cargo/Logistics,Logistics,"Lagos, Nigeria",,,+2348133162212,,,,50,basic,pending,NO,,,,,,,,2026-06-29
existing_db,coastland-energy-logistics,Coastland Energy Logistics Limited,Coastland Energy Logistics Limited,,Logistics,oil & gas,Logistics,"Lagos, Nigeria",,,+23412916280,info@coastlandenergy.com,,https://coastlandenergy.com,50,basic,pending,NO,,,,,,,,2026-06-30
existing_db,flux-logistix-and-self-storage,Flux Logistix & Self-Storage,Flux Logistix & Self-Storage,,Logistics,Warehousing/3PL,Logistics,"Lagos, Nigeria",,,+2349061985055,info@fluxselfstorage.com,,https://fluxselfstorage.com,50,basic,pending,YES,,,,,,,,2026-06-29
existing_db,MG-768e7caf-138,Fando Freight,,,Logistics,logistics,,,Karu,,+2347031658516,info@fandofreight.com,,https://fandofreight.com,90,deep,valid,NO,,,,,,,,2026-06-18T18:20:24.879385
existing_db,interlog-group,International Logistics & Fulfillment Service Limited (Interlog Group),International Logistics & Fulfillment Service Limited,,Logistics,3PL/Warehousing/Customs Clearance,Logistics,"Lagos, Nigeria",,,+2348085853335,,,https://interlog-ng.com,50,basic,pending,YES,,,,,,,,2026-06-29
existing_db,MG-768e7caf-159,TraciFy,,,Logistics,logistics,,,Wuse 2,,+2349069074436,info@new.tracify.co,,new.tracify.co,90,deep,valid,YES,,,,,,,,2026-06-18T18:20:24.879385
existing_db,kxpress-logistics,Kxpress Logistics,Kxpress Logistics,,Logistics,Freight/Logistics,Logistics,"Calabar, South-South Nigeria",,,+2348183460555,,,,50,basic,pending,NO,,,,,,,,2026-06-29
existing_db,blu-sky-logistics,Blu Sky Logistics,Blu Sky Logistics,,Logistics,Courier/Freight/Logistics,Logistics,"Ibadan, Southwest Nigeria",,,08177194444,,,,50,basic,pending,NO,,,,,,,,2026-06-30
existing_db,MG-768e7caf-010,Auto-Best Trackers Nigeria 2,,,Logistics,tracking,,,Lokogoma,,+2348148202333,info@autobesttrackers.com.ng,,https://autobesttrackers.com.ng/,90,deep,valid,NO,,,,,,,,2026-06-18T18:20:24.879385
existing_db,sprint-logistics,Sprint Logistics,Sprint Logistics,,Logistics,Courier/Freight/Logistics,Logistics,"Ibadan, Southwest Nigeria",,,07065430914,,,,50,basic,pending,UNKNOWN,,,,,,,,2026-06-30
existing_db,cargomark-investment,Cargomark Investment,Cargomark Investment,,Logistics,Freight Forwarding,Logistics,"Kano, Northern Nigeria",,,08033973316,,,,50,basic,pending,YES,,,,,,,,2026-06-29
existing_db,motion-transport-limited,Motion Transport Limited,Motion Transport Limited,,Logistics,Courier/Freight/Logistics,Logistics,"Enugu, Southeast Nigeria",,,08091038676,,,,50,basic,pending,UNKNOWN,,,,,,,,2026-06-30
existing_db,buchdella-logistics-ltd,Buchdella Logistics LTD,Buchdella Logistics LTD,,Logistics,Freight/Logistics,Logistics,"Port Harcourt, South-South Nigeria",,,+2349098334188,,,,50,basic,pending,NO,,,,,,,,2026-06-29
existing_db,kccl-kennie-o-cold-chain,Kennie-O Cold Chain Logistics (KCCL),Kennie-O Cold Chain Logistics (KCCL),,Logistics,cold chain,Logistics,"Ilorin, Nigeria",,,+2348034066920,info@kccl.com.ng,,https://kccl.com.ng,50,basic,pending,+2348034066920,,,,,,,,2026-06-30
existing_db,chase-express-ilorin,Chase Express Ilorin,Chase Express Ilorin,,Logistics,Courier/Freight/Logistics,Logistics,"Ilorin, Southwest Nigeria",,,07064726287,,,https://www.finelib.com/listing/Chase-Express/9679/,50,basic,pending,NO,,,,,,,,2026-06-30
existing_db,bamidan-group,Bamidan Group,Bamidan Group,,Logistics,Logistics,Logistics,"Kano, Northern Nigeria",,,+2349082998479,,,,50,basic,pending,NO,,,,,,,,2026-06-29
existing_db,gig-logistics-abakaliki,GIG Logistics Abakaliki,GIG Logistics,,Logistics,Courier/Freight/Logistics,Logistics,"Abakaliki, Southeast Nigeria",,,08139851120,,,https://giglogistics.com,50,basic,pending,NO,,,,,,,,2026-06-30
existing_db,globe-cab-services-limited,Globe Cab Services Limited,Globe Cab Services Limited,,Logistics,Courier/Freight/Logistics,Logistics,"Abuja, Nigeria",,,+2349087694000,,,,50,basic,pending,NO,,,,,,,,2026-06-29
existing_db,fut-transport-services,Fut Transport Services,Fut Transport Services,,Logistics,Courier/Freight/Logistics,Logistics,"Minna, North-Central Nigeria",,,08056833383,,,,50,basic,pending,NO,,,,,,,,2026-06-30
existing_db,sea-africa-group,Sea Africa Group,Sea Africa Group,,Logistics,Logistics/Freight,Logistics,"Kano, Northern Nigeria",,,07014149131,,,,50,basic,pending,YES,,,,,,,,2026-06-29
existing_db,zodiak-freight-services-limited,Zodiak Freight Services Limited,Zodiak Freight Services Limited,,Logistics,Freight Forwarding,Logistics,"Kano, Northern Nigeria",,,+2348084848037,,,,50,basic,pending,NO,,,,,,,,2026-06-29
existing_db,bestway-transport-ltd,Bestway Transport Ltd,Bestway Transport Ltd,,Logistics,Transport/Logistics,Logistics,"Kano, Northern Nigeria",,,+2347038587085,,,,50,basic,pending,YES,,,,,,,,2026-06-29
existing_db,efk-world-logistics,EFK World Logistics,EFK World Logistics,,Logistics,Freight & Logistics,Logistics,"Lagos, Nigeria",,,+2348137161094,,,,50,basic,pending,YES,,,,,,,,2026-06-29
existing_db,lyks-logistics-and-express-delivery,LYKS Logistics and Express Delivery,LYKS Logistics and Express Delivery,,Logistics,Courier/Freight/Logistics,Logistics,"Osogbo, Southwest Nigeria",,,07032300354,,,,50,basic,pending,UNKNOWN,,,,,,,,2026-06-30
existing_db,ekenedilichukwu-express-ltd,Ekenedilichukwu Express Ltd,Ekenedilichukwu Express Ltd,,Logistics,Freight/Logistics,Logistics,"Onitsha, South-South Nigeria",,,+2347045559105,,,,50,basic,pending,NO,,,,,,,,2026-06-29
existing_db,zido-logistics,Zido Logistics,Zido Logistics,,Logistics,Freight & Cargo,Logistics,"Lagos, Nigeria",,,+2348120908360,,,,50,basic,pending,NO,,,,,,,,2026-06-29
existing_db,fastlane-express-international-limited,Fastlane Express International Limited,Fastlane Express International Limited,,Logistics,Courier/Freight/Logistics,Logistics,"Abuja, Nigeria",,,+2348110175501,,,,50,basic,pending,NO,,,,,,,,2026-06-29
existing_db,adamu-transport-services,Adamu Transport Services,Adamu Transport Services,,Logistics,Courier/Freight/Logistics,Logistics,"Minna, North-Central Nigeria",,,08036368468,,,,50,basic,pending,YES,,,,,,,,2026-06-30
existing_db,autostar-executive-enugu,Autostar Executive Enugu,Autostar Executive Limited,,Logistics,Courier/Freight/Logistics,Logistics,"Enugu, Southeast Nigeria",,,07034511401,,,,50,basic,pending,YES,,,,,,,,2026-06-30
existing_db,trip-value-global-communication,Trip Value Global Communication,Trip Value Global Communication,,Logistics,Courier/Freight/Logistics,Logistics,"Osogbo, Southwest Nigeria",,,07066248683,,,,50,basic,pending,UNKNOWN,,,,,,,,2026-06-30
existing_db,crisp-international-limited,Crisp International Limited,Crisp International Limited,,Logistics,Logistics,Logistics,"Kaduna, Northern Nigeria",,,062-232357,,,,50,basic,pending,NO,,,,,,,,2026-06-29
existing_db,young-riders-transport-services,Young Riders Transport Services,Young Riders Transport Services,,Logistics,Courier/Freight/Logistics,Logistics,"Jos, North-Central Nigeria",,,08069620900,,,,50,basic,pending,UNKNOWN,,,,,,,,2026-06-30
existing_db,eja-ice-ltd,Eja-Ice Ltd,Eja-Ice Ltd,,Logistics,cold chain,Logistics,"Abuja, Nigeria",,,+2348060327746,sales@ejaice.com,,https://ejaice.com,50,basic,pending,YES,,,,,,,,2026-06-30
existing_db,soyo-line-transportation,Soyo Line Transportation,Soyo Line Transportation,,Logistics,Courier/Freight/Logistics,Logistics,"Ado Ekiti, Southwest Nigeria",,,08034791235,,,,50,basic,pending,UNKNOWN,,,,,,,,2026-06-30
existing_db,burcont-shipping-nigeria-limited,Burcont Shipping Nigeria Limited,Burcont Shipping Nigeria Limited,,Logistics,Freight Forwarding/Project Logistics,Logistics,"Lagos, Nigeria",,,+2347078381773,burconts@gmail.com,,https://burcont.com,50,basic,pending,YES,,,,,,,,2026-06-29
existing_db,servago-international,Servago International Limited,Servago International Limited,,Logistics,maritime,Logistics,"Lagos, Nigeria",,,+2348033613557,info@servagointl.com,,https://servagointl.com,50,basic,pending,UNKNOWN,,,,,,,,2026-06-30
existing_db,ibadan-logistics,Ibadan Logistics,Ibadan Logistics,,Logistics,Courier/Transport/Logistics,Logistics,"Ibadan, Southwest Nigeria",,,+2348088200793,,,http://www.ibadanlogistics.com,50,basic,pending,YES,,,,,,,,2026-06-29
existing_db,raylab-global-resources-limited,Raylab Global Resources Limited,Raylab Global Resources Limited,,Logistics,Courier/Transport/Logistics,Logistics,"Ibadan, Southwest Nigeria",,,+2349078209952,,,,50,basic,pending,YES,,,,,,,,2026-06-29
existing_db,ois-medical-courier-services,OIS Medical Courier Services,OIS Medical Courier Services,,Logistics,Courier/Freight/Logistics,Logistics,"Abuja, Nigeria",,,+2348172887772,,,,50,basic,pending,NO,,,,,,,,2026-06-29
existing_db,plateau-express-services,Plateau Express Services,Plateau Express Services,,Logistics,Transport/Courier,Logistics,"Jos, Northern Nigeria",,,+2347035447337,,,,50,basic,pending,NO,,,,,,,,2026-06-29
existing_db,logistics-pro,Logistics Pro,Logistics Pro,,Logistics,Freight/Logistics,Logistics,"Uyo, South-South Nigeria",,,+2348038701288,,,,50,basic,pending,YES,,,,,,,,2026-06-29
existing_db,st-george-travel-and-logistics,St.George Travel and Logistics,St.George Travel and Logistics,,Logistics,Courier/Transport/Logistics,Logistics,"Ibadan, Southwest Nigeria",,,+2348166713448,,,,50,basic,pending,NO,,,,,,,,2026-06-29
existing_db,valuehandlers-international-limited,Valuehandlers International Limited,Valuehandlers International Limited,,Logistics,Courier/Transport/Logistics,Logistics,"Ibadan, Southwest Nigeria",,,+2349032054291,,,,50,basic,pending,NO,,,,,,,,2026-06-29
existing_db,taytop-haulage-and-logistics-ltd,Taytop Haulage and Logistics Ltd,Taytop Haulage and Logistics Ltd,,Logistics,Courier/Transport/Logistics,Logistics,"Ibadan, Southwest Nigeria",,,+2348023821865,,,,50,basic,pending,YES,,,,,,,,2026-06-29
existing_db,international-express-logistics-services-limited,International Express Logistics Services Limited,International Express Logistics Services Limited,,Logistics,Express Logistics,Logistics,"Lagos, Nigeria",,,+2348026069111,,,,50,basic,pending,YES,,,,,,,,2026-06-29
existing_db,rideon-transport,Rideon Transport,Rideon Transport,,Logistics,Courier/Freight/Logistics,Logistics,"Enugu, Southeast Nigeria",,,08108651021,,,,50,basic,pending,UNKNOWN,,,,,,,,2026-06-30
existing_db,mhya-integrated-services-limited,Mhya Integrated Services Limited,Mhya Integrated Services Limited,,Logistics,Courier/Freight/Logistics,Logistics,"Abuja, Nigeria",,,+2349095742228,,,,50,basic,pending,NO,,,,,,,,2026-06-29
existing_db,redoxcorp-shipping-and-logistics-limited,Redoxcorp Shipping & Logistics Limited,Redoxcorp Shipping & Logistics Limited,,Logistics,Shipping/Logistics,Logistics,"Lagos, Nigeria",,,+2349062832947,,,,50,basic,pending,NO,,,,,,,,2026-06-29
existing_db,gein-freight-and-logistics-services-ltd,GEIN Freight & Logistics Services LTD,GEIN Freight & Logistics Services LTD,,Logistics,Freight/Logistics,Logistics,"Lagos, Nigeria",,,+2348037437098,,,,50,basic,pending,YES,,,,,,,,2026-06-29
existing_db,banadel-logistics,Banadel Logistics,Banadel Logistics,,Logistics,Courier/Transport/Logistics,Logistics,"Ibadan, Southwest Nigeria",,,+2348166563812,,,,50,basic,pending,YES,,,,,,,,2026-06-29
existing_db,dhl-international-onitsha,DHL International Onitsha,DHL International Courier Services,,Logistics,Courier/Freight/Logistics,Logistics,"Onitsha, Southeast Nigeria",,,08039077000,,,https://www.dhl.com,50,basic,pending,NO,,,,,,,,2026-06-30
existing_db,oriad-global-investment,Oriad Global Investment Ltd,Oriad Global Investment Ltd,,Logistics,customs clearing,Logistics,"Abuja, Nigeria",,,+2348036198663,info@oriadcustoms.com,,https://oriadcustoms.com,50,basic,pending,UNKNOWN,,,,,,,,2026-06-30
existing_db,two-logistics-and-solutions,Two Logistics and Solutions,Two Logistics and Solutions,,Logistics,Courier/Freight/Logistics,Logistics,"Ibadan, Southwest Nigeria",,,08120291422,,,,50,basic,pending,UNKNOWN,,,,,,,,2026-06-30
existing_db,nestello-group,Nestello Group,Nestello Group,,Logistics,Courier/Freight/Logistics,Logistics,"Aba, Southeast Nigeria",,,08030858205,,,,50,basic,pending,UNKNOWN,,,,,,,,2026-06-30
existing_db,bm-global-import-and-export-company-limited,BM Global Import and Export Company Limited,BM Global Import and Export Company Limited,,Logistics,Customs Clearing/Logistics,Logistics,"Lagos, Nigeria",,,08130010080,contacts@bmglobal.ng,,https://bmglobal.ng,50,basic,pending,YES,,,,,,,,2026-06-29
existing_db,aminu-transport-services,Aminu Transport Services,Aminu Transport Services,,Logistics,Courier/Freight/Logistics,Logistics,"Lafia, North-Central Nigeria",,,08108402033,,,,50,basic,pending,NO,,,,,,,,2026-06-30
existing_db,cranes-r-us-nigeria,Cranes R Us Nig. Ltd,Cranes R Us Nig. Ltd,,Logistics,heavy haulage,Logistics,"Lagos, Nigeria",,,+2347074528289,info@cranes-r-us.com,,https://cranesrusng.com,50,basic,pending,NO,,,,,,,,2026-06-30
existing_db,transroyal-courier-sagamu,TransRoyal Courier Sagamu,TransRoyal Courier Sagamu,,Logistics,Courier/Freight/Logistics,Logistics,"Sagamu, Southwest Nigeria",,,08087189029,,,,50,basic,pending,UNKNOWN,,,,,,,,2026-06-30
existing_db,excellent-way-global-services-ltd,Excellent Way Global Services Ltd,Excellent Way Global Services Ltd,,Logistics,Freight/Logistics,Logistics,"Onitsha, South-South Nigeria",,,+2347025833363,,,http://www.excellentwaycargo.com,50,basic,pending,YES,,,,,,,,2026-06-29
existing_db,bowagate-global,BowaGate Global Ltd,BowaGate Global Ltd,,Logistics,freight,Logistics,"Lagos, Nigeria",,,+2348147068472,,,https://bowagateglobal.com,50,basic,pending,YES,,,,,,,,2026-06-30
existing_db,trancity-shuttle,TranCity Shuttle,TranCity Shuttle,,Logistics,Courier/Transport/Logistics,Logistics,"Ilorin, Southwest Nigeria",,,+2348171374067,,,,50,basic,pending,NO,,,,,,,,2026-06-29
existing_db,chriscontinental-enterprises-limited,Chriscontinental Enterprises Limited,Chriscontinental Enterprises Limited,,Logistics,Logistics,Logistics,"Kano, Northern Nigeria",,,08038857866,,,,50,basic,pending,NO,,,,,,,,2026-06-29
existing_db,nes-shipping-limited,NES Shipping Limited,NES Shipping Limited,,Logistics,Freight Forwarding/Shipping Agency,Logistics,"Lagos, Nigeria",,,+2347061842497,info@nesshipping.com,,https://nesshipping.com,50,basic,pending,YES,,,,,,,,2026-06-29
existing_db,izu-courier-service,Izu Courier Service,Izu Courier Service,,Logistics,Courier/Freight/Logistics,Logistics,"Aba, Southeast Nigeria",,,08038924799,,,,50,basic,pending,UNKNOWN,,,,,,,,2026-06-30
existing_db,ekesons-parcel-services-owerri,Ekesons Parcel Services Owerri,Ekesons Parcel Services Ltd,,Logistics,Courier/Freight/Logistics,Logistics,"Owerri, Southeast Nigeria",,,07088685003,,,https://www.epsng.org,50,basic,pending,NO,,,,,,,,2026-06-30
existing_db,easy-delivery-abeokuta,Easy Delivery Abeokuta,Easy Delivery Abeokuta,,Logistics,Courier/Freight/Logistics,Logistics,"Abeokuta, Southwest Nigeria",,,08136225341,,,,50,basic,pending,YES,,,,,,,,2026-06-30
existing_db,charlesbonart-nigeria,CharlesBonart Nig Ltd,CharlesBonart Nig Ltd,,Logistics,customs clearing,Logistics,"Lagos, Nigeria",,,+2348036469098,charlesbonart@gmail.com,,https://charlesbonart.com,50,basic,pending,YES,,,,,,,,2026-06-30
existing_db,bondwell-group,Bondwell Group,Bondwell Group,,Logistics,Logistics/Courier,Logistics,"Awka, South-South Nigeria",,,+2348036805836,,,https://bondwellgroup.com,50,basic,pending,YES,,,,,,,,2026-06-29
existing_db,goldpark-logistics-limited,Goldpark Logistics Limited,Goldpark Logistics Limited,,Logistics,Logistics/Warehousing,Logistics,"Lagos, Nigeria",,,+2348052239281,,,,50,basic,pending,YES,,,,,,,,2026-06-29
existing_db,emmanuelz-logistics,Emmanuelz Logistics,Emmanuelz Logistics,,Logistics,Courier/Transport/Logistics,Logistics,"Abeokuta, Southwest Nigeria",,,+2348025060873,,,,50,basic,pending,YES,,,,,,,,2026-06-29
existing_db,happy-helpers-abeokuta,Happy Helpers Abeokuta,Happy Helpers Abeokuta,,Logistics,Courier/Freight/Logistics,Logistics,"Abeokuta, Southwest Nigeria",,,08064356821,,,,50,basic,pending,YES,,,,,,,,2026-06-30
existing_db,tres-freight,Tres Freight,Tres Freight,,Logistics,Freight Forwarding/Air & Ocean Freight,Logistics,"Lagos, Nigeria",,,+2348039868130,info@tresfreight.com,,https://tresfreight.com,50,basic,pending,YES,,,,,,,,2026-06-29
existing_db,african-haulage-and-distribution-limited,African Haulage & Distribution Limited,African Haulage & Distribution Limited,,Logistics,Haulage/Distribution,Logistics,"Lagos, Nigeria",,,+2348129938404,,,https://africanhaulage.com,50,basic,pending,NO,,,,,,,,2026-06-29
existing_db,transroyal-courier,TransRoyal Courier,TransRoyal Courier,,Logistics,Courier/Freight/Logistics,Logistics,"Abuja, Nigeria",,,+2347015825903,,,,50,basic,pending,NO,,,,,,,,2026-06-29
existing_db,neon-integrated-logistics,Neon Integrated Logistics,Neon Integrated Logistics,,Logistics,freight,Logistics,"Lagos, Nigeria",,,+2348087160886,,,https://neonlogistic.com,50,basic,pending,+2348087160886,,,,,,,,2026-06-30
existing_db,MG-768e7caf-170,Wibe Delivery Services,,,Logistics,courier,,,Dei Dei,,+2348065075805,info@wibeng.com,,https://www.wibeng.com,90,deep,valid,YES,,,,,,,,2026-06-18T18:20:24.879385
existing_db,khasa-a-ventures,Khasa A Ventures,Khasa A Ventures,,Logistics,Courier/Logistics,Logistics,"Minna, Northern Nigeria",,,08120111278,,,,50,basic,pending,NO,,,,,,,,2026-06-29
existing_db,bhn-logistics-limited,BHN Logistics Limited,BHN Logistics Limited,,Logistics,Courier/Freight/Logistics,Logistics,"Ibafo, Southwest Nigeria",,,08055096647,,,,50,basic,pending,YES,,,,,,,,2026-06-30
existing_db,MG-768e7caf-148,SwiftCity Nigeria Ltd,,,Logistics,logistics,,,Wuse 2,,+2347085792794,info@swiftcityng.com,,https://swiftcityng.com,90,deep,valid,NO,,,,,,,,2026-06-18T18:20:24.879385
existing_db,midas-express-shipping,Midas Express Shipping & Freight,Midas Express Shipping & Freight,,Logistics,freight,Logistics,"Lagos, Nigeria",,,+2347025004984,,,https://midasshipping.com,50,basic,pending,+2347025004984,,,,,,,,2026-06-30
existing_db,MG-768e7caf-137,Chase Express Services Limited,,,Logistics,logistics,,,Wuse 2,,+2348184166289,info@chaseexpressng.com,,https://chaseexpressng.com,90,deep,valid,YES,,,,,,,,2026-06-18T18:20:24.879385
existing_db,prose-integrated-ltd,Prose Integrated Ltd,Prose Integrated Ltd,,Logistics,Courier/Freight/Logistics,Logistics,"Abuja, North-Central Nigeria",,,08053155515,,,,50,basic,pending,UNKNOWN,,,,,,,,2026-06-30
existing_db,fortune-global-shipping-and-logistics-limited,Fortune Global Shipping and Logistics Limited,Fortune Global Shipping and Logistics Limited,,Logistics,Freight Forwarding/Warehousing,Logistics,"Lagos, Nigeria",,,+2348149687490,,,https://fglobalshipping.com,50,basic,pending,NO,,,,,,,,2026-06-29
existing_db,penchin-global-services,Penchin Global Services Limited,Penchin Global Services Limited,,Logistics,oil & gas,Logistics,"Port Harcourt, Nigeria",,,+2347043000078,info@penchingroup.com,,https://penchingroup.com,50,basic,pending,UNKNOWN,,,,,,,,2026-06-30
existing_db,asap-pickup-and-deliveries,Asap Pickup and Deliveries,Asap Pickup and Deliveries,,Logistics,Courier/Freight/Logistics,Logistics,"Abuja, Nigeria",,,+2348179000002,,,,50,basic,pending,NO,,,,,,,,2026-06-29
existing_db,skyfots-global-logistics,SkyFots Global Logistics,SkyFots Global Logistics,,Logistics,Courier/Freight/Logistics,Logistics,"Ibadan, Southwest Nigeria",,,08026148026,,,,50,basic,pending,UNKNOWN,,,,,,,,2026-06-30
existing_db,porter-express,Porter Express,Porter Express,,Logistics,Courier/Freight/Logistics,Logistics,"Abuja, Nigeria",,,+2347040200006,,,,50,basic,pending,NO,,,,,,,,2026-06-29
existing_db,satund-international-logistics,Satund International Logistics,Satund International Logistics,,Logistics,Clearing & Forwarding,Logistics,"Calabar, South-South Nigeria",,,+2348173319366,,,,50,basic,pending,NO,,,,,,,,2026-06-29
existing_db,freightliner-logistics-services,Freightliner Logistics Services Ltd,Freightliner Logistics Services Ltd,,Logistics,freight,Logistics,"Lagos, Nigeria",,,+2349152194151,info@freightlinerlogistics.com,,https://freightlinerlogistics.com,50,basic,pending,NO,,,,,,,,2026-06-30
existing_db,prime-ocean-logistics-limited,Prime Ocean Logistics Limited,Prime Ocean Logistics Limited,,Logistics,Clearing & Forwarding/Transportation/Warehousing,Logistics,"Lagos, Nigeria",,,+2348029088573,info@primeocean.com.ng,,https://primeocean.com.ng,50,basic,pending,YES,,,,,,,,2026-06-29
existing_db,delta-line-booking-office,Delta Line Booking Office,Delta Line Booking Office,,Logistics,Transport/Logistics,Logistics,"Kaduna, Northern Nigeria",,,09072255814,,,,50,basic,pending,YES,,,,,,,,2026-06-29
existing_db,cold-sylos,Cold Sylos,Cold Sylos,,Logistics,cold chain,Logistics,"Abuja, Nigeria",,,+2349077633243,info@coldsylos.com,,https://coldsylos.com,50,basic,pending,YES,,,,,,,,2026-06-30
existing_db,yme-express-services,YME Express Services,YME Express Services,,Logistics,Courier/Transport/Logistics,Logistics,"Akure, Southwest Nigeria",,,+2348165339670,,,,50,basic,pending,YES,,,,,,,,2026-06-29
existing_db,b-m-badamasi-jirago-nigeria-ltd,B M Badamasi Jirago Nigeria Ltd,B M Badamasi Jirago Nigeria Ltd,,Logistics,Courier/Freight/Logistics,Logistics,"Jos, North-Central Nigeria",,,08039224444,,,,50,basic,pending,NO,,,,,,,,2026-06-30
existing_db,seabed-logistics-services,Seabed Logistics Services Limited,Seabed Logistics Services Limited,,Logistics,maritime,Logistics,"Lagos, Nigeria",,,+23413426977,info@sbls.com.ng,,https://sbls.com.ng,50,basic,pending,UNKNOWN,,,,,,,,2026-06-30
existing_db,faith-motors-enugu,Faith Motors Enugu,Faith Motors,,Logistics,Courier/Freight/Logistics,Logistics,"Enugu, Southeast Nigeria",,,08062545436,,,,50,basic,pending,YES,,,,,,,,2026-06-30
existing_db,bmax-global,Bmax Global,Bmax Global,,Logistics,Courier/Freight/Logistics,Logistics,"Abuja, Nigeria",,,+2347036557979,,,,50,basic,pending,NO,,,,,,,,2026-06-29
existing_db,upright-intl-logistics-ltd,Upright Int'l Logistics Ltd,Upright Int'l Logistics Ltd,,Logistics,Freight/Logistics,Logistics,"Port Harcourt, South-South Nigeria",,,+2347025523280,,,,50,basic,pending,YES,,,,,,,,2026-06-29
existing_db,abex-courier-services,Abex Courier Services,Abex Courier Services,,Logistics,Courier/Freight/Logistics,Logistics,"Abuja, Nigeria",,,+2348033283480,,,,50,basic,pending,NO,,,,,,,,2026-06-29
existing_db,fluxy-pryme-logistics,Fluxy Pryme Logistics,Fluxy Pryme Logistics,,Logistics,Courier/Freight/Logistics,Logistics,"Akure, Southwest Nigeria",,,07086667886,,,,50,basic,pending,YES,,,,,,,,2026-06-30
existing_db,earlygo-logistics-ogbomosho,EarlyGo Logistics Ogbomosho,EarlyGo Logistics Ogbomosho,,Logistics,Courier/Freight/Logistics,Logistics,"Ogbomosho, Southwest Nigeria",,,08135371994,,,https://earlygologistics.com.ng,50,basic,pending,YES,,,,,,,,2026-06-30
existing_db,MG-768e7caf-030,City Errands International Services,,,Logistics,courier,,,Garki,,+2348035969098,,,cityerrandsng.com,75,deep,valid,YES,,,,,,,,2026-06-18T18:20:24.879385
existing_db,stargate-logistics-limited,Stargate Logistics Limited,Stargate Logistics Limited,,Logistics,oil & gas,Logistics,"Lagos, Nigeria",,,+2349013755555,info@stargatelogistics-ng.com,,https://stargatelogisticsltd.com,50,basic,pending,+2349013755555,,,,,,,,2026-06-30
existing_db,amuh-trading-and-logistics,Amuh Trading & Logistics,Amuh Trading & Logistics,,Logistics,Freight/Logistics,Logistics,"Benin City, South-South Nigeria",,,+2348185607510,,,,50,basic,pending,NO,,,,,,,,2026-06-29
existing_db,main-service-shipping-cargo-ltd,Main Service Shipping Cargo Ltd,Main Service Shipping Cargo Ltd,,Logistics,Shipping/Freight,Logistics,"Onitsha, South-South Nigeria",,,+2349083413815,,,,50,basic,pending,NO,,,,,,,,2026-06-29
existing_db,the-link-logistics,The Link Logistics,The Link Logistics,,Logistics,Courier/Freight/Logistics,Logistics,"Sango Ota, Southwest Nigeria",,,08036492466,,,,50,basic,pending,UNKNOWN,,,,,,,,2026-06-30
existing_db,cee-vee-cee-nigeria,CEE VEE CEE Nigeria Ltd,CEE VEE CEE Nigeria Ltd,,Logistics,oil & gas,Logistics,"Port Harcourt, Nigeria",,,+2348033093335,,,https://cvcnigeria.com,50,basic,pending,YES,,,,,,,,2026-06-30
existing_db,bethran-logistics,Bethran Logistics,Bethran Logistics,,Logistics,Courier/Freight/Logistics,Logistics,"Enugu, Southeast Nigeria",,,09020216719,,,,50,basic,pending,NO,,,,,,,,2026-06-30
existing_db,vavoom-express-services,Vavoom Express Services,Vavoom Express Services,,Logistics,Courier Services,Logistics,"Awka, South-South Nigeria",,,+2348120406000,,,,50,basic,pending,NO,,,,,,,,2026-06-29
existing_db,peacock-cargo-and-courier-services,Peacock Cargo and Courier Services,Peacock Cargo & Courier Services,,Logistics,Courier/Freight/Logistics,Logistics,"Aba, Southeast Nigeria",,,08092314539,,,,50,basic,pending,UNKNOWN,,,,,,,,2026-06-30
existing_db,segmiles-logistics,Segmiles Logistics,Segmiles Logistics,,Logistics,Courier/Transport/Logistics,Logistics,"Ibadan, Southwest Nigeria",,,+2349131623440,,,,50,basic,pending,YES,,,,,,,,2026-06-29
existing_db,sureways-logistics-nigeria,Sureways Logistics Nigeria,Sureways Logistics Nig.,,Logistics,Courier/Freight/Logistics,Logistics,"Owerri, Southeast Nigeria",,,07015668757,,,,50,basic,pending,UNKNOWN,,,,,,,,2026-06-30
existing_db,tranex-plc,TRANEX Plc,TRANEX Plc,,Logistics,Courier/Transport/Logistics,Logistics,"Abeokuta, Southwest Nigeria",,,+2348123682573,,,,50,basic,pending,NO,,,,,,,,2026-06-29
existing_db,seven-logistics-ng,Seven Logistics NG,Seven Logistics NG,,Logistics,Freight/Logistics,Logistics,"Uyo, South-South Nigeria",,,+2347048340611,,,,50,basic,pending,YES,,,,,,,,2026-06-29
existing_db,redline-logistics-nigeria-limited,Redline Logistics Nigeria Limited,Redline Logistics Nigeria Limited,,Logistics,Logistics Services,Logistics,"Lagos, Nigeria",,,+2347012100001,,,,50,basic,pending,NO,,,,,,,,2026-06-29
existing_db,teile-express-motors-nigeria-ltd,Teile Express Motors Nigeria Ltd,Teile Express Motors Nigeria Ltd,,Logistics,Courier/Freight/Logistics,Logistics,"Karu, North-Central Nigeria",,,08068071983,,,,50,basic,pending,UNKNOWN,,,,,,,,2026-06-30
google_maps,,,,Jevola Logistics,,,,,,,0703 647 8029,,,,,,,,23,5.000000,28.871537,68.719509,ChIJx1bTQlcKThARvJY--mNe1vM,,,
google_maps,,,,Emmylink cargo and Global Logistics,,,,,,"Suites G:16c, Emmylink cargo and Global Logistics, Say Plaza, A.E. Ekukinam St, Utako, Abuja 900108, Federal Capital Territory",0811 013 8258,,,,,,,,19,4.600000,9.066836,7.446254,ChIJ9fw5trYLThARiJF8T4bzFgw,,,
google_maps,,,,SPLENDID FREIGHT Intl. Ltd.,,,,,,"Area 1, SPLENDID FREIGHT Intl. Ltd., Ebenezer Place, Suite 316, Durumi, Abuja, Federal Capital Territory",0916 853 4200,,,https://www.splendidfreight.com/,,,,,16,4.600000,9.026224,7.463628,ChIJn33vBvwKThARhRBTD-g14nA,,,
google_maps,,,,COMFORT LOYALTY SERVICES | LOGISTICS COMPANY IN ABUJA,,,,,,"PLOT 2, IBTC BUILDING, Samuel Ladoke Akintola Boulevard, Garki 2, Abuja 900247, Federal Capital Territory",0814 170 3446,,,,,,,,7,4.900000,9.018051,7.492061,ChIJP6rYoyUNThAR14PsEUlQwqc,,,
google_maps,,,,JB-Lois Freight and logistics (Pvt) Ltd,,,,,,"NO. 4 BOKE CLOSE SAKONO CRESCENT, OPP AP PLAZA, Wuse 2, Abuja, Federal Capital Territory",0803 488 2668,"info@bold-themes.com, info@jb-lois.com","info@bold-themes.com, info@jb-lois.com",http://jb-lois.com/,,,,,2,5.000000,9.071302,7.474832,ChIJi_WIyP0KThAR4eYs_vcjdgw,,,
google_maps,,,,Conair Cargo Services Ltd,,,,,,"Plot 1014, Suite 22, Jinifa Plaza, Samuel Adesoji Way Samuel Adesoji Way, Federal Capital Territory",0802 078 5567,,,,,,,,6,3.300000,9.054970,7.479070,ChIJM562rgkLThARZaIbzG9rJ0I,,,
google_maps,,,,Correct Cargo & Logistics,,,,,,"Muritala Muhammad International Airport, Lagos, Federal Capital Territory",0706 639 4444,,,,,,,,0,0.000000,9.076578,7.463904,ChIJ3QBT_VgLThARNQCTfEWIxd0,,,
google_maps,,,,Zenith Carex International,,,,,,"Foto House, 10, Lantang Close, Off Ibadan Street, Tafawa Balewa Way, Area 3, Garki, Abuja, FCT, Federal Capital Territory",,,,http://www.zenithcarex.com/,,,,,71,4.200000,9.031545,7.482549,ChIJGeQaFIILThARb4ZpfYXiQnE,,,
google_maps,,,,QuickMan Logistics,,,,,,"Mabushi Ultra Modern Market, Abuja, Federal Capital Territory",0806 029 1578,,,,,,,,20,4.700000,9.092910,7.443011,ChIJzxxABLgLThAR-PD3bttchhU,,,
google_maps,,,,Council For The Regulation Of Freight Forwarding,,,,,,"51 Khartoum St, Wuse, Abuja 904101, Federal Capital Territory",,,,https://crffn.gov.ng/,,,,,1,5.000000,9.062911,7.462627,ChIJiV9DJxkLThARvXPxvxx6ZXI,,,
google_maps,,,,Kugym Global Cargo Services (Nig.) Ltd.,,,,,,"Plot 1176, Kugym Global Cargo Services (Nig.) Ltd., Lobic Motors Building, Cadastral Zone BO61, Mabushi Life Camp Express Way, Mabushi, Abuja, Federal Capital Territory 900108, Federal Capital Territory",0803 701 4245,,,,,,,,6,3.800000,9.077342,7.440265,ChIJpblJDtMKThARAVMWFdWB4wA,,,
google_maps,,,,INTROSOFT LOGISTICS LTD,,,,,,"Banex Plaza, Suite FC 17A Old, Aminu Kano Cres, Wuse 2, Abuja 900001, Federal Capital Territory",0903 398 8454,,,,,,,,4,4.800000,9.084639,7.469546,ChIJ5XQgue0LThARrRoNIiCB2nA,,,
google_maps,,,,ABC Transport,,,,,,"Berger Junction, No. 36 A.E. Ekukinam St, Utako, Abuja 900108, Federal Capital Territory",0814 255 2436,,,http://www.abctransport.com/,,,,,2876,3.800000,9.066482,7.438629,ChIJRx0mJCsLThARu1N1IkPo4Pg,,,
google_maps,,,,Gojopal Cargo services,,,,,,"Statement Hotels Complex (Behind Federal High Court, C01, 2nd Floor, Central Business District, Abuja, Federal Capital Territory",0817 990 8772,"Ferdyodey5@gmail.com, info@gojopal.com.ng","Ferdyodey5@gmail.com, info@gojopal.com.ng",http://gojopal.com.ng/,,,,,1,5.000000,9.058593,7.489413,ChIJcbUneK8LThARtRNHJ3i4JcM,,,
google_maps,,,,DMX LOGISTICS ABUJA,,,,,,"9 Santana Cl, Wuse 2, Abuja 900288, Federal Capital Territory",0808 907 1190,,,https://www.instagram.com/dmxng/,,,,,10,5.000000,9.076792,7.471010,ChIJT14qM08LThARXBSDA0e_4n4,,,
google_maps,,,,FLUGOS LOGISTICS SERVICES,,,,,,"4th Floor, FLUGOS LOGISTICS SERVICES, ITF House, 6 Adetokunbo Ademola Cres, Maitama, Abuja 900271, Federal Capital Territory",0808 888 9861,,,http://www.flugoslogistics.com/,,,,,26,4.000000,9.077471,7.493887,ChIJqyuFbY8LThAR8ulbBIiWeO8,,,
google_maps,,,,Porter Express,,,,,,"Plot 976, Olusegun Obasanjo way , Threshold Business suite Suite 2F9, Wuye, Ankuru 900271, Federal Capital Territory",0906 656 4406,,,,,,,,27,4.900000,9.053987,7.438039,ChIJG8OrGJZxThARuz56pLe4ee8,,,
google_maps,,,,CHISCO TRANSPORT NIG LTD ABUJA,,,,,,"PLOT 176, CHISCO TRANSPORT NIG LTD ABUJA, UTAKO DISTRICT, A.E. Ekukinam St, opp. MFM, AMAC, Abuja 900108, Federal Capital Territory",0806 811 9667,customer.care@chiscogroupng.com,customer.care@chiscogroupng.com,http://www.chiscotransport.com.ng/,,,,,1202,3.600000,9.066798,7.443096,ChIJS5o00isLThAR24taTMsrCyM,,,
google_maps,,,,ATAC Logistics,,,,,,"Abraham Plaza, beside ABC Transport Service, Jabi, Abuja 900108, Federal Capital Territory",0906 926 9157,,,,,,,,1,5.000000,9.066566,7.437938,ChIJAQDA0tR0ThARgboAh1QhTiI,,,
google_maps,,,,RTG CARGO AND LOGISTICS ABUJA OFFICE,,,,,,"DUTSE-PE MODEL MARKET, Akpabuyo Rd, Kubwa 900211, Federal Capital Territory",0901 087 3360,,,http://www.rtgcargo.com/,,,,,6,5.000000,9.145892,7.363705,ChIJjxHmFADfTRARJYZNDjOmQgg,,,
google_maps,,,,DHL EXPRESS K-CITY PLAZA,,,,,,"SHOP DFF2, DHL EXPRESS K-CITY PLAZA, K-CITY PLAZA, PLOT 538 Aminu Kano Cres, Wuse 2, Abuja 904101, Federal Capital Territory",0907 596 2940,,,,,,,,57,4.900000,9.079276,7.462828,ChIJe3Qi048LThARK7gFNKa0CZs,,,
google_maps,,,,DHL EXPRESS COURIER SERVICES,,,,,,"New Banex Plaza, PLOT 750 Aminu Kano Cres, opposite TUG CENTER, beside SLOT PHONES LTD, Wuse 2, Abuja 904101, Federal Capital Territory",0803 951 9345,,,,,,,,139,4.000000,9.083812,7.469390,ChIJs6MuLu4KThARpN_0o7LF76A,,,
google_maps,,,,DHL,,,,,,"Zone 3, DHL, Fidelity Place, 7 Kabale Close, Off Sultan Abubakar Wy, Wuse, Abuja 904101, Federal Capital Territory",0808 073 7853,,,http://www.dhl.com.ng/,,,,,777,4.100000,9.056461,7.466151,ChIJK0bHEFUKThARiIXmozxU2mE,,,
google_maps,,,,Abex Express Parcel Services,,,,,,"Plot 1985 H/Macaulay Suite B5 Wuse Shopping Plaza, Wuse Zone 5, Federal Capital Territory",,,,,,,,,0,0.000000,9.066729,7.463023,ChIJuZFk0ksLThARAfQ0JeYTlLY,,,
google_maps,,,,Sammy Legend Logistics,,,,,,"shop 24 wuse shopping complex, wuse zone 5, Abuja, 900211, Federal Capital Territory",0909 967 9210,,,,,,,,0,0.000000,9.066924,7.458507,ChIJ19w9rT8LThAR_bC2YoIjw8M,,,
google_maps,,,,SOLBEAT ENTERPRISES - Dufan(UPS Partner),,,,,,"Zone 5, SOLBEAT ENTERPRISES - Dufan(UPS Partner), Wuse Shopping Plaza, Suite B20, 15 Mombasa St, behind Golden Gate Hotel, Wuse, Abuja 900285, Federal Capital Territory",0802 200 1694,,,,,,,,0,0.000000,9.067159,7.462945,ChIJ9b84EnQLThARRCcAlO0psHU,,,
google_maps,,,,DHL Service Point (BLESSING ONWUBUOYA NGOZI),,,,,,"JIKOWYI OPPOSITE ABINO FILLING STATION, Abuja, Federal Capital Territory",0803 907 7000,,,https://locator.dhl.com/results?address=id:ABV472&language=en&lc=NG&resultUom=km&clientAppCode=GYD,,,,,0,0.000000,9.068848,7.464950,ChIJPZCY2CwbWhARilNUFiBMDDs,,,
google_maps,,,,FedEx Red Star Express,,,,,,"1145 Aminu Kano Cres, opp. EMAB GARDEN, Wuse 2, Abuja 904101, Federal Capital Territory",0201 330 3170,,,http://www.redstarplc.com/,,,,,251,3.900000,9.084715,7.471669,ChIJGV0IIZ0LThARa4rZ8YHoA8M,,,
google_maps,,,,Fenway Courier Express Servs Limited,,,,,,"Zone 5, Fenway Courier Express Servs Limited, Abari Shopping Centre, 1, Gado Nasko Blk, Wuse, Federal Capital Territory",,,,,,,,,0,0.000000,9.065356,7.461158,ChIJ2wvXe6wLThARyNR1ZaEBdjU,,,
google_maps,,,,UPS Express Center,,,,,,"72 Abijan St, Wuse, Abuja 904101, Federal Capital Territory",0815 789 6287,,,http://www.ups.com/,,,,,64,3.500000,9.062295,7.475259,ChIJH3TNjHELThARueEVojyrdMA,,,
google_maps,,,,LightSpeed Courier & Logistics,,,,,,"zone 5, LightSpeed Courier & Logistics, Joshua plaza, Plot 2424, 6 Damba St, Sultan Abubakar Wy, Wuse, AMAC 900285, Federal Capital Territory",,,,,,,,,1,5.000000,9.062514,7.467407,ChIJoyRB31kLThARkC2uDWIeLRI,,,
google_maps,,,,Quiklink Express ltd,,,,,,"Utako, Abuja 900108, Federal Capital Territory",0909 220 0886,,,,,,,,3,4.700000,9.067851,7.446440,ChIJ-UOhSY4LThAR6-qk6262r6M,,,
google_maps,,,,DHL Service Point,,,,,,"126 Aminu Kano Cres, Wuse, Abuja 904101, Federal Capital Territory",0803 907 7000,,,https://locator.dhl.com/results?address=id:ABV341&language=en&lc=NG&resultUom=km&clientAppCode=GYD,,,,,59,4.200000,9.075042,7.471991,ChIJJfxJND0LThARk-KZ7dO_PWs,,,
google_maps,,,,UPS CENTER ABUJA,,,,,,"3 Youkou St, Wuse 2, Abuja 904101, Federal Capital Territory",0703 481 7581,,,,,,,,44,4.200000,9.079949,7.466652,ChIJ_X_Rm-UKThAR0wIzp4_Y2Tc,,,
google_maps,,,,Fastlane Express International Limited,,,,,,"Upper Grace plaza, 3 Warri St, Garki, Abuja 900001, Federal Capital Territory",0811 017 5501,"info@expressfastlane.com, Fastlaneexpressng@gmail.com","info@expressfastlane.com, Fastlaneexpressng@gmail.com",https://www.expressfastlane.com/,,,,,23,4.100000,9.041873,7.494990,ChIJ5bMz1pYLThARsbN_KQviRIw,,,
google_maps,,,,Africa Courier Express - ACE,,,,,,"Ste E19, Africa Courier Express - ACE, Emab Plaza Besides Old Bannex plaza, Wuse, Abuja 11, Federal Capital Territory",0908 734 7151,,,,,,,,0,0.000000,9.063485,7.461400,ChIJQQTlIF4LThARXmH3Tus5JHk,,,
google_maps,,,,Onward Express Delivery Limited,,,,,,"Zone 5, Onward Express Delivery Limited, Anbeez Plaza, 204, Wuse, Abuja, Federal Capital Territory",0809 666 2228,,,,,,,,2,5.000000,9.059213,7.455292,ChIJURbqJ-ULThARIcdNw4gZoT4,,,
google_maps,,,,Tad Express Courier Services,,,,,,"Shop GF/C/60, Mabushi Ultra Modern Market, Abuja, Federal Capital Territory",0808 576 0272,,,,,,,,23,4.700000,9.093519,7.443942,ChIJf2JlZ9ULThAR8KzRVxGemGc,,,
google_maps,,,,iClose Delivery & Dispatch Riders Services in Abuja,,,,,,,0705 585 8658,,,http://www.dispatchrider.flyovertravels.com.ng/,,,,,121,4.900000,9.033872,8.670771,ChIJQzB4Yw4LThAR0V1vRBdVscw,,,
google_maps,,,,DAINTY RESTO | RESTAURANT IN ABUJA| ABUJA FOOD DELIVERY daintyresto,,,,,,,0813 769 7000,,,,,,,,4,5.000000,9.025781,7.442451,ChIJVfWlT-Nh0wIRVGTKbNyQcSY,,,
google_maps,,,,Domino's Pizza - Abuja - Nyanya,,,,,,"2HHM+9H Domino's Pizza - Abuja - Nyanya, Karu, New Karu 900101, Federal Capital Territory",0908 888 9999,,,http://www.dominos.ng/,,,,,730,4.000000,9.028437,7.583937,ChIJDzpG6L4JThARxUOoTWXuHaI,,,
google_maps,,,,Parceldash,,,,,,"Suit A16, Parceldash, POWA Plaza, Nyanya, Karu, Abuja 900110, Federal Capital Territory",0707 776 2377,,,https://www.parceldash.ng/,,,,,29,4.700000,9.025792,7.577537,ChIJl-vY_o8JThARnur5XqTtCTg,,,
google_maps,,,,Foodma,,,,,,,0816 844 3338,,,https://foodma.co/,,,,,0,0.000000,9.033872,8.670771,ChIJLZZ9mwFj0g8RMbXKZQZ7qjY,,,
google_maps,,,,God'sHands Printing Press,,,,,,"Nyanya Rd, Wuse, Abuja 900001, Federal Capital Territory",0703 955 8747,,,,,,,,3,5.000000,9.067028,7.462721,ChIJMdEy4bsJThARnu_hI9iuQAY,,,
google_maps,,,,Choice lounge,,,,,,"Beside Nyanya Shopping complex, opposite Access Bank, Nyanya, New Karu, Federal Capital Territory",0802 328 6007,,,,,,,,57,3.900000,9.026098,7.574512,ChIJEXhvMLYJThARHwBV4_yTdxM,,,
google_maps,,,,GIG Logistics Nyanya Abuja,,,,,,"Joy plaza, Along Nyanya Jikwoyi Rd, beside First Bank, Abuja 900103, Federal Capital Territory",0813 985 1120,,,https://giglogistics.com/,,,,,11,3.300000,8.984214,7.563826,ChIJpw9THaIPThARB3oxPh4eS9M,,,
google_maps,,,,VITAGLAD EXPRESS LTD,,,,,,"Block J Suite 12, VITAGLAD EXPRESS LTD, POWA Plaza, Along Abuja-Keffi Rd, Nyanya, AMAC 900007, Federal Capital Territory",0916 666 9422,,,http://www.vitagladexpress.com/,,,,,2,5.000000,9.026771,7.579405,ChIJ1YSWoOIJThARIGxYB9fT_7Q,,,
google_maps,,,,Sampona Guest Inn,,,,,,"Area E Mopol Road, Nyanya, Abuja 900101, Federal Capital Territory",0806 788 1084,,,,,,,,25,3.700000,9.029221,7.576776,ChIJPZvJhNEIThARVdNs0L2RrKM,,,
google_maps,,,,Sten Fast Food,,,,,,"Block 200, Area B, Nyanya, Federal Capital Territory",0806 698 0868,,,,,,,,2,4.000000,9.029874,7.575419,ChIJZd2jbdEIThAR20eopYsAf7M,,,
google_maps,,,,Mase Food (Calabar Kitchen),,,,,,"2HH9+7J3 Mase Food (Calabar Kitchen), Second Rd, Nyanya, Abuja 900101, Federal Capital Territory",0701 761 1127,,,,,,,,0,0.000000,9.028125,7.569033,ChIJcwPwhjEJThARBx_DT2B-7xU,,,
google_maps,,,,Gabb More Art,,,,,,"Ste 24, Gabb More Art, Nyanya Shopping Plaza, Wuse, Abuja 904101, Federal Capital Territory",0805 523 7234,,,,,,,,0,0.000000,9.067028,7.462721,ChIJeYxPmnALThARNDZXKap4IEI,,,
google_maps,,,,maakwazo &foodie bank,,,,,,"House No6 Nyanya Village, Abuja 900010, Federal Capital Territory",0803 595 6023,,,https://stirwaters.net/,,,,,1,4.000000,9.025291,7.570049,ChIJJZz0ixAJThARfqkUWzaute4,,,
google_maps,,,,mercys servuory delight - Cake in Abuja Cupcakes in karu nyanya,,,,,,"Area A extension, mercys servuory delight - Cake in Abuja Cupcakes in karu nyanya, by Richway hotel, plot 9192 Nyanya, Karu, Abuja 961105, Federal Capital Territory",0818 323 1063,,,,,,,,2,5.000000,9.025369,7.565157,ChIJHxtwLY0JThARcXS3BnIqFwM,,,
google_maps,,,,Nearest Abuja delivery and Dispatch Riders,,,,,,"Obafemi Awolowo Wy, Utako, Abuja 900001, Federal Capital Territory",0808 794 9424,,,http://abuja.nearmelogistics.com.ng/,,,,,59,4.600000,9.064540,7.425311,ChIJccgM1cB1ThARDWGz16TrXJo,,,
google_maps,,,,Real fort lounge,,,,,,"Nyanya, Ado 900101, Federal Capital Territory",,,,,,,,,67,3.700000,9.027587,7.565514,ChIJSR94NSoJThARa6v7lEVzszc,,,
google_maps,,,,Kanisa Fast Food,,,,,,"Plot 85-87 Area B Last Rd, Nyanya, Abuja 900101, Federal Capital Territory",0803 923 2851,,,,,,,,3,3.000000,9.031053,7.569264,ChIJ2bMWN9YIThARuYUwY1d0lpI,,,
google_maps,,,,"ZUAMI FOODSTUFF CENTER, NYANYA.",,,,,,"Blocks I&J Neighborhood Market, opposite Living Faith Church, Abuja 900101, Federal Capital Territory",0905 238 5339,,,https://zuami.com.ng/,,,,,1,5.000000,9.036862,7.574510,ChIJCekq10MJThARPiviol-HWlg,,,
google_maps,,,,iClose - Transport Company and Logistics Services Near me in Abuja,,,,,,"Bright Plaza, 50 Ebitu Ukiwe St, beside Work and Connect, Jabi, Abuja 900001, Federal Capital Territory",0705 585 8658,,,,,,,,1,5.000000,9.066397,7.431653,ChIJL9GS-6t1ThAREb7Xl6jdc08,,,
google_maps,,,,JUSTBEZI LOGISTICS ABUJA,,,,,,"Shop B8 LS 34, JUSTBEZI LOGISTICS ABUJA, Utako Ultra Modern Market, Utako, Abuja 900108, Federal Capital Territory",0806 161 9307,,,,,,,,56,4.800000,9.065000,7.445932,ChIJ-cOHhu0LThAR5DVV6LadxOA,,,
google_maps,,,,Tobie’s kitchen,,,,,,"Area,C, Tobie’s kitchen, Nyanya, Abuja 900103, Federal Capital Territory",0915 893 1215,,,,,,,,2,5.000000,9.032848,7.574223,ChIJZ6Oh0lMJThARwccPTo0VVa8,,,
google_maps,,,,Gabbukas Logistics & Tracking Services,,,,,,"Suite C3, 3rd Floor, BOA Plaza, Wuse Market, Abuja, Abuja 900285, Federal Capital Territory",0805 329 9855,,,,,,,,2,5.000000,9.068542,7.466124,ChIJh2q8lQILThARNB11u3jd6Zs,,,
google_maps,,,,Cargohaul Logistics,,,,,,"Utako, Abuja 900108, Federal Capital Territory",0811 739 3222,,,,,,,,2,5.000000,9.067851,7.446440,ChIJ1_KVqV4LThAR3Nwma8Pe2PQ,,,
google_maps,,,,God's will Delivery and Logistics services,,,,,,"M i Ahmad plaza M i Ahmad plaza, 92 Adetokunbo Ademola Cres, Wuse 2, Abuja 904101, Federal Capital Territory",,,,,,,,,4,5.000000,9.071819,7.477538,ChIJyUF2aWELThARpOpaEHSRUhg,,,
google_maps,,,,Pure Logistics,,,,,,"Floor, 01, Pure Logistics, Transcorp Hilton Hotel, 1 Aguiyi Ironsi St, Maitama, Abuja 900001, Federal Capital Territory",0803 320 4517,,,,,,,,1,5.000000,9.077733,7.495852,ChIJu4tREU8KThARJ1q2LbTcNjw,,,
google_maps,,,,IOS Logistics Abuja,,,,,,"Suite 213 Jinifa Plaza Extension, Central Area, Abuja 900211, Federal Capital Territory",0706 421 5946,,,https://www.instagram.com/ioslogisticsng/,,,,,2,3.000000,9.055351,7.478522,ChIJ9zVq76MLThARQWwlRvyzPnA,,,
google_maps,,,,Abujaporter Logistics,,,,,,"Chimkasima Yard, behind Zenith Bank, Utako, Abuja 904101, Federal Capital Territory",0706 251 8255,,,,,,,,1,5.000000,9.065652,7.440492,ChIJ16Va9wQLThARWk1eRdti-As,,,
google_maps,,,,GIG Logistics Wuse 2,,,,,,"3FM9+28V GIG Logistics Wuse 2, Plot 80 Aminu Kano Cres, opp. Sharif Plaza, beside Wema Bank, Wuse 2, Abuja 900288, Federal Capital Territory",0813 985 1120,,,https://giglogistics.com/,,,,,196,3.800000,9.082571,7.468204,ChIJMVJgC_4LThARUB-IF_UNODU,,,
google_maps,,,,XCOS Logistics,,,,,,"De Avalon Plaza, Plot 483 Ajose Adeogun St, Utako, Abuja, Federal Capital Territory",0903 880 1509,,,,,,,,18,4.800000,9.068568,7.441952,ChIJLW29aB4LThAR6jS-mnBfrEA,,,
google_maps,,,,Laurel Logistics,,,,,,"Suite S1, Plot, Laurel Logistics, Febson Mall, Zone 4, 24/25 Herbert Macaulay Wy, Wuse, Abuja 900103, Federal Capital Territory",0814 158 3314,,,,,,,,2,5.000000,9.065872,7.468597,ChIJPcp8kKQLThARoESdxsNTJzw,,,
google_maps,,,,Cosnmeris Express Logistics Services,,,,,,"Zone 6, Cosnmeris Express Logistics Services, 47 Cotonou Cres, Wuse, Abuja 904101, Federal Capital Territory",0802 062 5608,,,,,,,,0,0.000000,9.071548,7.461400,ChIJ_YUQvJa9ThARK8yx7ki-6w4,,,
google_maps,,,,Metro Logistics,,,,,,"Shop F47, Nyanya Shopping Plaza Nyanya, Nyanya, Federal Capital Territory",0810 566 6752,,,,,,,,0,0.000000,9.067028,7.462721,ChIJa0C98LsLThARz0oFEkyhAwk,,,
google_maps,,,,"D28 Logistics, Abuja",,,,,,"Mabushi Ultramodern Market, opposite Platinum Mega Mall, Jahi 1, Abuja 900108, Federal Capital Territory",0903 013 4636,,,https://wa.link/16t91q,,,,,28,4.900000,9.106772,7.447625,ChIJNd3aJLcLThARTxn3QlGN-B0,,,
google_maps,,,,Ella Logistics Services Limited,,,,,,"3 Atbara St, off Cairo Crescent, Wuse 2, Abuja 904101, Federal Capital Territory",0704 921 4981,,,http://ellalogistics.africa/,,,,,10,4.200000,9.077473,7.480407,ChIJUbB24o0LThAReeYDz2JtJzo,,,
google_maps,,,,GIG Logistics Utako 1,,,,,,"Police Station, Plot 113 I.V.W. Osisiogu Street, beside Utako, Utako, Abuja 900001, Federal Capital Territory",0813 985 1120,,,https://giglogistics.com/,,,,,595,3.800000,9.065441,7.438597,ChIJf32iL4MLThARtNi00CfJ4XM,,,
google_maps,,,,Jaysil Logistics and Services Ltd.,,,,,,"25B IBM Haruna St, Utako, Abuja 900108, Federal Capital Territory",0803 547 5834,,,https://jaysillogistics.com/,,,,,9,5.000000,9.063072,7.439300,ChIJ9TeMhAYLThARvkzoQobQlHs,,,
google_maps,,,,God Is Good Logistics Utako 2 office Abuja,,,,,,"Suit 3 & 4, God Is Good Logistics Utako 2 office Abuja, Atlantic Mall, Ajose Adeogun St, off Obafemi Awolowo Way, Utako, Abuja 900108, Federal Capital Territory",,,,https://giglogistics.com/our-offices,,,,,832,3.900000,9.068790,7.440687,ChIJs99IzdR0ThAREk_VP6eCs6M,,,
google_maps,,,,YAKOYO ABULA JOINT ABUJA,,,,,,"263 Tafawa Balewa Rd, Central Business District, Abuja 900103, Federal Capital Territory",,,,,,,,,1105,4.300000,9.055953,7.489892,ChIJdSM9QMwLThARTMZLEfAxH2c,,,
google_maps,,,,Fenway Express Services Nig. Ltd,,,,,,"Suite 230, 2nd Floor, Ambeez Plaza, Zone 5, Wuse, Abuja, FCT, Federal Capital Territory",0803 713 5968,,,,,,,,2,4.000000,9.059366,7.454410,ChIJE7a8WSMLThARYYx0RQ0KFSY,,,
google_maps,,,,"Flying Eagle Shipping, Sea Freight Services Limited",,,,,,"Zone 6, Flying Eagle Shipping, Sea Freight Services Limited, Plot 791, Rabat Street, Off Herbert Macaulay Wy, Federal Capital Territory",,,,,,,,,3,3.300000,9.068818,7.457614,ChIJP-t1g-MLThAR6iD0N2larBo,,,
google_maps,,,,Global Parcel Services,,,,,,"Block A, Flat, Global Parcel Services, Michael Okpara, Sky Memorial Complex, 2 Herbert Macaulay Wy, Federal Capital Territory",,,,,,,,,0,0.000000,9.069391,7.454658,ChIJCWP9KbULThARx6RcYZhvJsU,,,
google_maps,,,,Chase Express Services Ltd,,,,,,"Suite 04,Yasuha Plaza, Behind Ap Plaza, Adetokunbo Ademola Cres, Wuse 2, Federal Capital Territory",98746483,,,,,,,,0,0.000000,9.064050,7.476808,ChIJ_VwEov4KThAR90w-Jz8lZd8,,,
google_maps,,,,Abia Line Courier Services,,,,,,"behind Arab Contractors, Utako, Abuja 900108, Federal Capital Territory",0806 126 4044,,,,,,,,2,3.000000,9.060740,7.451608,ChIJa5UXD7ILThARUSG8xaI-i_M,,,
google_maps,,,,Ifex Express Limited,,,,,,"22 A E Ekukinam Street Abuja Dape, Federal Capital Territory",0805 056 2624,,,http://www.ifexexpressnig.com/,,,,,33,3.600000,9.067073,7.441255,ChIJhzj3qysLThARWF8Pw2wfXKA,,,
google_maps,,,,"CHIMKASINMA TRANSPORT SERVICES, TRANSPORTATION & LOGISTICS",,,,,,"plot 1127 A.E. Ekukinam St, Utako, Abuja 900108, Federal Capital Territory",0806 617 7724,,,,,,,,28,3.700000,9.065781,7.440643,ChIJIYab9RMLThARdxnAaVPfM_g,,,
google_maps,,,,Amgray Logistics,,,,,,"3C7M+342 Amgray Logistics, PEREZ PLAZA, Vicbalkon St, Utako, Abuja 900108, Federal Capital Territory",0905 771 8505,,,https://amgraylogistics.com/,,,,,10,4.600000,9.062689,7.432800,ChIJJT295ad1ThARR3MPVMorFXQ,,,
google_maps,,,,Abia Line Transport Company,,,,,,"3C6J+J4X Abia Line Transport Company, Bimbo Akintola, Jabi, Abuja 900108, Federal Capital Territory",0806 126 4044,,,,,,,,229,3.700000,9.061620,7.430348,ChIJq5ZxCEJ1ThARd6XxXo18ghI,,,
google_maps,,,,General and Health Logistics International Ltd,,,,,,"622 Atiku Abubakar Wy, Idu Industrial District, Abuja 900108, Federal Capital Territory",0803 303 9280,,,http://www.ghli-l.com/,,,,,49,4.500000,9.038197,7.395487,ChIJNygAqhYLThAR-32kj4dhI_Y,,,
google_maps,,,,Big Joe Ventures Ltd,,,,,,"62 Moses Majekodunmi Cres, Utako, Abuja 900108, Federal Capital Territory",0703 292 6060,,,,,,,,1145,3.700000,9.070503,7.449279,ChIJ7cDIHNgKThARMSIWBGkX5tI,,,
google_maps,,,,GUO Logistics - Utako Station,,,,,,"Gouba Plaza, 15 A.E. Ekukinam St, Utako, Abuja 900108, Federal Capital Territory",0705 889 1917,,,http://guologistics.com/,,,,,115,3.800000,9.066618,7.442699,ChIJVVVVzisLThARfJn1mDVAUEw,,,
google_maps,,,,Peace Mass Logistics Utako Abuja,,,,,,"35 Ajose Adeogun St, Mabushi, Abuja 900108, Federal Capital Territory",0707 761 9293,,,,,,,,63,3.300000,9.068666,7.440964,ChIJXSszJucLThARxVEK06c7uK0,,,
google_maps,,,,E.Ekesons & Bros Transport Nig. Ltd,,,,,,"After Berger, E A.E. Ekukinam St, beside Utako Ultra Modern Market, Flyover, Abuja 900108, Federal Capital Territory",0803 507 6732,,,http://ekesons.com/,,,,,172,3.600000,9.066688,7.444518,ChIJfZUUdykLThARtFLSYWmmvOU,,,
google_maps,,,,Total Express Delivery Ltd.,,,,,,"zone 3, Total Express Delivery Ltd., Abuja Shopping Mall, Suite B14, 8, Maputo St, Federal Capital Territory",,,,,,,,,1,3.000000,9.060432,7.468998,ChIJvwDWD14LThARJTLS9z7Od4w,,,
google_maps,,,,Courier Boy Delivery limited,,,,,,"By Glo Office, 124 Aminu Kano Cres, Wuse 2, Abuja 904101, Abuja 900288, Federal Capital Territory",0803 636 2271,,,,,,,,0,0.000000,9.074538,7.471956,ChIJIV7IXfMLThARnKa_SLKRusE,,,
google_maps,,,,Trans Royal Courier,,,,,,"General Hospital, Joshua Plaza Adebayero, behind Wuse, Wuse, Abuja, Federal Capital Territory",28129238,,,,,,,,0,0.000000,9.062448,7.467362,ChIJn9pe6CMLThARKwUH9-quwYc,,,
google_maps,,,,"UPS Express, Othni Plaza Wuse Zone 1, Abuja",,,,,,"Zone 1, UPS Express, Othni Plaza Wuse Zone 1, Abuja, Othni Plaza, Suite A10, Wuse, Abuja, Federal Capital Territory",0812 002 0039,,,,,,,,3,4.300000,9.053853,7.467370,ChIJxzIL7nELThAR9dNDeAYrFEo,,,
google_maps,,,,Air Sea Freighters Limited (ASF),,,,,,"Office, Old FERMA, After, 31 Okemesi Crescent, Garki, Abuja, Federal Capital Territory",0704 792 0130,,,http://www.airseafreightersltd.com/,,,,,3,4.700000,9.033633,7.502181,ChIJZ0XC_XoLThARG1K-DfC7_mQ,,,
google_maps,,,,Pearl 12-77 Limited,,,,,,"SUITE 207B, SAMFA PLAZA,, PLOT 2055, NDOLA CRESCENT, OPPOSITE OLD CAC BUILDING, OFF GRAND IBRO HOTEL, WUSE ZONE 5., ABUJA MUNICIPAL AREA COUNCIL, Abuja 900288, Federal Capital Territory",0802 373 3197,,,,,,,,0,0.000000,9.059126,7.456233,ChIJ-2Sfc4sLThARKUgH2OlEBvk,,,
google_maps,,,,Valgee Transport Services,,,,,,"Riverplate Park, Central Area, Central Business District, Abuja 900211, Federal Capital Territory",0806 088 5322,,,http://valgee.com/,,,,,324,4.400000,9.067756,7.490802,ChIJr3YVH_cKThAReFDINJRX0EY,,,
google_maps,,,,Route Flow Shipping,,,,,,"Plot 334 Constitution Ave, Central Business Dis, Abuja 900103, Federal Capital Territory",0812 971 9834,,,https://routeflow.mystrikingly.com/,,,,,0,0.000000,9.049286,7.474964,ChIJpfUrzSkLThAR5y5tJ1Z-x7w,,,
google_maps,,,,Okpasvip Logistics and Transport Ltd,,,,,,"Nyat Plaza, No 62 Tafawa Balewa Way, Garki, AMAC 976411, Federal Capital Territory",0803 601 2714,,,https://okpasviplogistic.com/,,,,,6,5.000000,9.045518,7.494821,ChIJgbs8RQ4LThARyrwIOx15ns8,,,
google_maps,,,,Seko International Logistics,,,,,,"Local Government, No 95 Ameh Oboni Street. Idah, Abuja, Federal Capital Territory",0915 617 3235,,,,,,,,0,0.000000,9.040390,7.492570,ChIJ2XVJ3hsLThARKdpt6MQ9-pw,,,
google_maps,,,,Cargo Ltd.,,,,,,"20 Ndola Cres, Wuse, Abuja 904101, Federal Capital Territory",,,,,,,,,0,0.000000,9.059808,7.454700,ChIJF-GBXiMLThARvZzBfOMQW_4,,,
google_maps,,,,PNC INNOVATION FORTUNE EXCHANGE CARGO AND LOGISTICS,,,,,,"Block G13, PNC INNOVATION FORTUNE EXCHANGE CARGO AND LOGISTICS, Emab Plaza, Wuse 2, Abuja 900282, Federal Capital Territory",0803 205 5259,,,,,,,,0,0.000000,9.084803,7.470691,ChIJ74rHZP0LThARKkXEfPvql4w,,,
google_maps,,,,Cargo Africa,,,,,,"23 buchi road, off gwagalada FCT, Central Business Dis, Abuja 900103, Federal Capital Territory",,,,,,,,,1,5.000000,9.050299,7.470101,ChIJcdFO_iULThAR0_4B4QH52Ps,,,
google_maps,,,,ABC Cargo Express,,,,,,"plot 1850 Cadestral Zone 807, Near Mabuashi modern market Jahi, Katampe District, Abuja, Federal Capital Territory",0814 255 2445,,,http://www.abccargoxpress.com/,,,,,266,3.700000,9.102951,7.447936,ChIJi4G0vrYKThARsXjWBEitsgQ,,,
google_maps,,,,KJ cargo and logistics,,,,,,"29 Adebayo Adedeji Cres, Utako, Abuja 900108, Federal Capital Territory",0908 354 3353,,,https://www.kjcargologistics.com.ng/,,,,,0,0.000000,9.070813,7.441441,ChIJJYfHxjgLThAR3b1SdD54hQI,,,
google_maps,,,,SpeedyShip Cargo Logistics Services,,,,,,"zone B2, Durumi 1, SpeedyShip Cargo Logistics Services, AP Fuel Station, Gudu district, The African Church, Cadastral, Road, District, Abuja 900001, Federal Capital Territory",0906 042 6510,,,,,,,,1,5.000000,9.084854,7.491437,ChIJA3da3Z8LThARyNo4sdzb_3Y,,,
google_maps,,,,Action Express and Logistics Limited,,,,,,"Plot 1340 Aminu Kano Cres, Wuse 2, Abuja 900103, Federal Capital Territory",0905 295 9885,,,,,,,,2,3.000000,9.074014,7.470328,ChIJpcbw7bALThAR7cXsNTicc3g,,,
google_maps,,,,Cargo Speed Air Limited,,,,,,"153, Cargo Speed Air Limited, 11 Adetokunbo Ademola Cres, Wuse, Abuja 904101, Federal Capital Territory",0809 321 1595,,,,,,,,0,0.000000,9.069591,7.479824,ChIJh-xe3P8KThARViZ89tFRbXo,,,
google_maps,,,,Haulage And Relocations Logistics Limited,,,,,,"Suite No. 214, Anbeez Plaza, Plot No. 15, Opposite Cac, Ndola Cres, Abuja, Federal Capital Territory",0802 328 0808,,,,,,,,2,3.000000,9.059239,7.454478,ChIJ325mQiMLThARoSlHXpzJmqw,,,
google_maps,,,,Unity Haulage Company Nig Ltd,,,,,,"G013 Transpharm Plaza Opp Jabi park, Jabi, Abuja, Federal Capital Territory",0806 953 2334,,,,,,,,38,3.400000,9.063410,7.431551,ChIJvz4CQdF0ThARh-wBzbAaeEI,,,
google_maps,,,,Ifesinachi Transport Co.,,,,,,"No. 22 A.E. Ekukinam St, Utako, Abuja 900108, Federal Capital Territory",0817 484 8775,,,,,,,,159,3.400000,9.066882,7.441303,ChIJhzj3qysLThARluB-TXdO1AE,,,
google_maps,,,,GUO Transport - Utako,,,,,,"Gouba Plaza, 15 A.E. Ekukinam St, Utako, Abuja 900108, Federal Capital Territory",,,,https://www.guotransport.com/,,,,,3184,4.000000,9.066589,7.442699,ChIJqampzysLThARDCRCIlLKogg,,,
google_maps,,,,Federal Urban Mass Transport Agency,,,,,,"Zone 6, Federal Urban Mass Transport Agency, 10 Lusaka St, Zone 6, Abuja 904101, Federal Capital Territory",0916 684 9441,,,,,,,,1,5.000000,9.070363,7.457168,ChIJl2fCn20LThAR4h-ybd3YJYM,,,
google_maps,,,,Topmovers logistics,,,,,,"No 6 Magaza close, behind Directorate of Road Traffic Services, Mabushi, Mabuchi 900108, Federal Capital Territory",0703 103 8456,,,https://topmoverslogistics.com.ng/,,,,,11,4.600000,9.079190,7.447432,ChIJre4j1uULThAREPRbapjVNks,,,
google_maps,,,,Akwa Ibom Transport Company Jabi,,,,,,"354 Solomon Lar road, Jabi, Abuja 900108, Federal Capital Territory",0916 684 9441,,,,,,,,55,3.900000,9.068764,7.433024,ChIJD5hK59V0ThAReWi694VkHjs,,,
google_maps,,,,Imo Transport Company,,,,,,"3C9W+4HW Imo Transport Company, Utako, Abuja 900108, Federal Capital Territory",,,,,,,,,9,3.900000,9.067851,7.446440,ChIJT1bgFE4LThAR9p6rsaIr0n8,,,
google_maps,,,,Autostar Executive Shuttle,,,,,,"IDE Shopping Plaza, 484 Obafemi Awolowo Wy, District, Abuja, Federal Capital Territory",0806 636 9007,,,,,,,,276,3.900000,9.068251,7.442262,ChIJnzGJAykLThARFYioZ8EMwyA,,,
google_maps,,,,Otra Nigeria Limited (otra.ng),,,,,,"Suite FF 11, Otra Nigeria Limited (otra.ng), Anafara plaza, Anafara'a plaza, 1st Avenue, Gwarinpa, Abuja 900108, Federal Capital Territory",0701 129 1948,,,https://linktr.ee/otranigeria,,,,,30,4.800000,9.089133,7.408565,ChIJG4tXsNZ0ThARb695x3vA48g,,,
google_maps,,,,Ascent Transport Management (ATM),,,,,,"plot 482 Obafemi Awolowo Wy, Utako, Abuja 900211, Federal Capital Territory",0903 385 6469,,,http://www.atmnigeria.com/,,,,,140,4.200000,9.068575,7.441705,ChIJAcJ55P0LThAR-Myr2d2FPCY,,,
google_maps,,,,5 STAR TRANSPORT SERVICES,,,,,,"Suite E04, Kenuj O² Mall, Kaura District, Abuja 900102, Federal Capital Territory",0813 107 9877,,,https://www.5startransport.com.ng/,,,,,32,4.500000,9.012889,7.454045,ChIJRWhLxGJzThARke6HldFcd04,,,
google_maps,,,,Ody Logistics & Transport,,,,,,"Transcorp Hilton Hotel ( C/O, Maitama, Abuja 904101, Federal Capital Territory",0705 467 8068,,,https://odylogisticstransport.com/,,,,,51,5.000000,9.074285,7.494981,ChIJlz6k2u4LThARajsyKs414wQ,,,
google_maps,,,,Greener Line Transport Limited,,,,,,"Ide Plaza, Plot 484, Ajose Adeogun St, Utako, Federal Capital Territory",0703 007 9702,,,,,,,,181,3.800000,9.068951,7.442313,ChIJ5WNDPCoLThAReM9vCFaUimg,,,
google_maps,,,,Chisco Transport Nigeria Limited,,,,,,"11 A E Ekukinam Street Abuja, Utako, District, Federal Capital Territory",0805 577 5600,,,,,,,,8,3.000000,9.066645,7.443248,ChIJFYk2mfULThARJ7Dndl9m6fM,,,
google_maps,,,,Crosss Country Transport,,,,,,"3C8Q+4WX Crosss Country Transport, around alibro atrium, Dan Suleiman, Utako, Abuja 900108, Federal Capital Territory",0805 555 5595,,,,,,,,205,3.400000,9.065369,7.439857,ChIJF2uGEysLThARkoMQRjvcJyI,,,
google_maps,,,,Jevas wheels Transport,,,,,,"Area 10, Jevas wheels Transport, Protocol garden and event centre, Olusegun Obasanjo Wy, area 10, Abuja 904101, Federal Capital Territory",0802 644 1783,,,,,,,,5,3.000000,9.054950,7.459537,ChIJvaTcCzQLThARmSV_ODsneNg,,,
google_maps,,,,"AGS Worldwide Movers - Nigeria, Abuja",,,,,,"Plot 1254, Cadastral Zone B11, AGS Worldwide Movers - Nigeria, Abuja, Kaura, Abuja 900103, Federal Capital Territory",0707 477 0777,,,http://www.agsmovers.com/branches/africa/nigeria/abuja,,,,,47,4.600000,9.009213,7.447327,ChIJryPyyrAMThARCH2XlJwhjMg,,,
google_maps,,,,Idabo Moving and Storage Abuja,,,,,,"812 Cadestral Zone BII, Kaura District, Abuja 900103, Federal Capital Territory",0912 555 5581,,,https://www.idabo.ng/,,,,,67,5.000000,8.995913,7.435358,ChIJfULzAwkookYR_FDFhBtovus,,,
google_maps,,,,MOVER.NG - Moving Company in Abuja,,,,,,"War College, 9 Ajaokuta St, Gwarinpa, Abuja 900103, Federal Capital Territory",0916 001 5050,,,,,,,,0,0.000000,9.033410,7.476950,ChIJyy59jMULThARVsdMgk80U5A,,,
google_maps,,,,"Conote Services Limited - Moving Company Africa, International moving Company, Logistics Services, Corporate Relocation",,,,,,"26 Anambra Crescent, Sun City Estate Galadimawa, District, Abuja, Federal Capital Territory",0803 367 9257,,,http://www.conoteservices.com/,,,,,20,4.900000,8.987685,7.435696,ChIJUd1vsJgLThAR_a6G1YPF6mQ,,,
google_maps,,,,Conote Services Limited,,,,,,"37 Main Street Suncity Ganagimawa, Garki, Abuja, Federal Capital Territory 900107, Federal Capital Territory",0803 367 9257,,,http://www.conoteservices.com/,,,,,15,4.600000,8.993871,7.433559,ChIJdQoAkY0LThARdFsCkADqvIk,,,
google_maps,,,,Asfranz Movers & Packaging,,,,,,"Suite 107, Asfranz Movers & Packaging, Nawa Complex, Kado, Abuja 900108, Federal Capital Territory",0803 200 2691,,,http://www.asfranzmovers.com/,,,,,10,4.200000,9.088689,7.429238,ChIJM0M-eUALThAR_x1fkeLtm4o,,,
google_maps,,,,letmoveit.ng,,,,,,"Shopping Plaza, 37 Hillcrest, Lokogoma, Abuja, Federal Capital Territory",0913 379 3916,,,http://letmoveit.ng/,,,,,5,4.200000,9.067028,7.462721,ChIJgZA9GksLThARGGLBFrHrBQk,,,
google_maps,,,,Abuja Delivery Van,,,,,,"Boya Place, A6 Ameh Ebute St, Wuye, Abuja 900108, Federal Capital Territory",0915 636 8936,,,https://api.whatsapp.com/message/B2YZDLNHOYX3K1?autoload=1&app_absent=0,,,,,13,4.900000,9.049715,7.435899,ChIJlSDMTRELThARaEl0purDKiI,,,
google_maps,,,,Swift City Movers Nigeria Limited,,,,,,"Garki Mall, 47 Damaturu Cres, off Ahmadu Bello Way, Garki, Abuja 900242, Federal Capital Territory",0703 091 6330,,,https://www.swiftcitymovers.com.ng/,,,,,8,4.400000,9.026814,7.493903,ChIJ1ay7jYgLThAR24mcLo3HVIU,,,
google_maps,,,,OLIPHONIC MOVERS /CLEANING,,,,,,"estate, 21 C Cl, Kado, Abuja 900108, Federal Capital Territory",0803 352 0380,,,https://www.oliphonicmovers.com/,,,,,11,5.000000,9.080735,7.414898,ChIJG2HhAKJ1ThARjGHQOFf1YwM,,,
google_maps,,,,Pack Me Moving Company,,,,,,"Ste 29, Pack Me Moving Company, Tolse Plaza, 4 Franca Afegbua Cres, off Apo legislative quarters, Apo, Abuja 900110, Federal Capital Territory",0708 227 1319,,,,,,,,0,0.000000,9.000426,7.481814,ChIJWWGkeF8MThARgwq8c6BYfcg,,,
google_maps,,,,Alele Movers,,,,,,"Biltmore Homes Estate, 9 Tunis St, Galadimawa 900107, Federal Capital Territory",0811 110 7037,,,https://alelemovers.ng/,,,,,32,5.000000,8.979293,7.430979,ChIJj-3KAQXjMEgRg2dZ15RCKUw,,,
google_maps,,,,INTER-LINK Moving & Storage Limited,,,,,,"Dan Ziyal Plaza, B1 Olusegun Obasanjo Wy, Central Business District, Abuja 904101, Federal Capital Territory",0803 360 2504,,,http://interlinkmoving.com/,,,,,0,0.000000,9.054597,7.470500,ChIJqd7A2BELThARszm3fJkbjug,,,
google_maps,,,,XPEDIENT PASSIONATE MOVERS,,,,,,"Ste 109, XPEDIENT PASSIONATE MOVERS, GCL Plaza, Ndjamena Street, wuse 2, Abuja 904101, Federal Capital Territory",0906 917 3643,,,,,,,,1,5.000000,9.080921,7.464340,ChIJJ4irpugKThAR_f5xpQEY51g,,,
google_maps,,,,8BM,,,,,,"Ibrahim Babangida Blvd, Maitama, Abuja 904101, Federal Capital Territory",0708 103 0000,,,http://8bmfreight.com/,,,,,19,4.800000,9.087177,7.498267,ChIJbyc4J910ThARvqoc6qdC3OY,,,
google_maps,,,,EMG haulage,,,,,,"5 Ado J. G. Muhammad Cres, Kado, Jahi 900107, Federal Capital Territory",0803 896 9036,,,http://emghaulage.site/,,,,,3,5.000000,9.094468,7.421927,ChIJI1HY4GzFMiERsUmCxK0nNZ8,,,
google_maps,,,,Abuja crane hire,,,,,,"Kukwaba, Abuja 900108, Federal Capital Territory",0816 984 9864,,,https://wa.me/2348087627650,,,,,12,4.500000,9.026286,7.452314,ChIJt2bLqEwLThAROtllpTqF-hA,,,
google_maps,,,,NIGERIAN SINOTRUCKS LTD - ABUJA,,,,,,"NIPCO Filing Station, District, Kuchingoro, Plot 547 Airport Rd, Kukwaba, Abuja 900107, Federal Capital Territory",0808 213 1841,,,https://sinotrucknigeria.com/,,,,,6,4.800000,9.016228,7.423027,ChIJmzQchrJzThARo6NMaZu_9tU,,,
google_maps,,,,Bowmenn,,,,,,"Plot 8 & 9 ICS Dr, Jabi, AMAC 900211, Federal Capital Territory",0916 677 0000,,,http://bowtrucks.com/,,,,,7,4.700000,9.057394,7.411646,ChIJrboQFnZ1ThARlyxWmFfUHqc,,,
google_maps,,,,OilBird Nig. Limited (Logistics),,,,,,"Old Tipper Garage, Along Kubwa Express way, opp. NEPA Katampe, Abuja 901101, Federal Capital Territory",0703 450 6028,,,,,,,,8,5.000000,9.112275,7.482310,ChIJNQJcG3YLThARaCb33rnsNsg,,,
google_maps,,,,MNE Translogistics,,,,,,"A3 PTF Estate, Cairo Cres, Wuse 2, Abuja 904101, Federal Capital Territory",0909 666 2019,,,https://mnetranslogistics.com/,,,,,0,0.000000,9.074761,7.482602,ChIJXU601UcLThARkIeR0G9wNbs,,,
google_maps,,,,Eaglenet Logistic Services Limited,,,,,,"Carlin Concept Complex, Plot 1483, KM 27, Umaru Musa Yar'Adua Way, Airport Rd, Abuja, Federal Capital Territory",0810 557 0699,,,http://eaglenetnigeria.com/,,,,,12,5.000000,8.942938,7.319771,ChIJ6bXmAFELThARlGGd3njXvoY,,,
google_maps,,,,BMAX Global - Hire a Driver,,,,,,"Suite F114 Haramani Plaza Plot 873 Shettima Ali Monguno Crescent Utako District, Abuja 900211, Federal Capital Territory",0809 457 1714,,,http://www.bmaxglobal.com.ng/,,,,,1,1.000000,9.060985,7.447213,ChIJYQTT-foLThARU1W7C8z6ctI,,,
google_maps,,,,VEROFORT LOGISTICS,,,,,,"Oando Services Station, Plot 963, Koko Abubakar Street, Olu Awotesu St, AMAC, Abuja, Federal Capital Territory",0703 509 7272,,,http://verofortlogistics.com/,,,,,3,4.700000,9.080999,7.399598,ChIJif1Xg_l1ThAR5HEwtZKm99o,,,
google_maps,,,,SPACE MOVERS LOGISTIC SERVICE LTD,,,,,,"Guzape Mall, Bala Mohammed Way, Gudu, Abuja 900100, Federal Capital Territory",0805 940 8090,,,,,,,,0,0.000000,9.013189,7.505076,ChIJZ3w-ojkNThARFryTLhCU4D8,,,
google_maps,,,,Chevix Haulage And Movers,,,,,,"Aja, Lagos 904101, Federal Capital Territory",0803 772 8240,,,,,,,,0,0.000000,9.082420,7.467012,ChIJqcw2fYcLThAR-NDko_ginb4,,,
google_maps,,,,First Continental Relocations Ltd,,,,,,"57 Lobito Cres, off Adetokunbo Ademola Crescent, Wuse 2, Abuja 900288, Federal Capital Territory",0818 179 0000,,,,,,,,1,5.000000,9.072587,7.490503,ChIJfe4RRFIKThARNrvbIe7fkug,,,
google_maps,,,,Prolific Group Ltd,,,,,,"Wuse Market Rd, Wuse, Abuja 904101, Federal Capital Territory",0814 152 9733,,,,,,,,3,5.000000,9.070426,7.464683,ChIJi3CD0pULThARHI5bB10Tq_E,,,
google_maps,,,,Gallas realtors and relocation service ltd,,,,,,"Area 3, Gallas realtors and relocation service ltd, 2B Abak Cl, Garki, Abuja 900103, Federal Capital Territory",0806 296 4335,,,,,,,,1,5.000000,9.029565,7.481767,ChIJ9Zit5oELThARbJ20woFKbhA,,,
google_maps,,,,MOVE TO CANADA,,,,,,"Standard Plaza, plot1248 zone, 2 Aminu Kano Cres, Wuse, Abuja, Federal Capital Territory",0807 773 1858,,,,,,,,0,0.000000,9.074014,7.470328,ChIJFVPqTeMKThARfbb2H6gyq5w,,,
google_maps,,,,Move-IT Dispatch Services,,,,,,"Jabi Central Bus Station, Utako, Abuja, Federal Capital Territory",0811 085 0074,,,,,,,,3,5.000000,9.064959,7.434014,ChIJc53NLX11ThARBMHvVeaDNDQ,,,
google_maps,,,,PICKUP & DELIVERY SERVICE ABUJA-MIH - LOGISTICS,,,,,,"4C47+PJ8 PICKUP & DELIVERY SERVICE ABUJA-MIH - LOGISTICS, 522 Rd, Gwarinpa Estate, Gwarinpa 900108, Federal Capital Territory",0803 866 2622,,,,,,,,3,3.300000,9.106778,7.414086,ChIJF7jXPOF1ThARRxeqomPfL2Q,,,
google_maps,,,,MONTAIGNE RIDERS,,,,,,"No 1 Kampala St, Wuse 1, Abuja 904101, Federal Capital Territory",,,,,,,,,0,0.000000,9.078622,7.480189,ChIJbSLDavgKThARZU2gqAzNSc0,,,
google_maps,,,,Kayceelawdeliveries,,,,,,"Suit A05 Gostu Plaza, 1st Avenue, Gwarinpa Estate, Federal Capital Territory",0901 020 7933,,,,,,,,1,5.000000,9.089935,7.408625,ChIJSeKmwix1ThARAgWiJNK8ink,,,
google_maps,,,,Disney logistics,,,,,,"252 Obafemi Awolowo Wy, Municipal, district 900108, Federal Capital Territory",0803 869 1711,,,,,,,,1,5.000000,9.061722,7.417865,ChIJ9dCPQXh1ThARsZDa5K7Acmo,,,
google_maps,,,,Oliveserah Logistics & Marketing,,,,,,,0813 400 8361,,,https://www.tiktok.com/@oliveserah_tv,,,,,8,5.000000,8.914010,7.252021,ChIJC_UQwhqsYCkRte-dTIv2R6c,,,
google_maps,,,,Dispatch Now,,,,,,,,,,https://dispatchnow.ng/,,,,,2,3.500000,9.033872,8.670771,ChIJKXiM1K3_gIERQuaH1kv8pMQ,,,
google_maps,,,,Abuja rider,,,,,,"3FJ2+XW9 Abuja rider, Gesse St, Kado, Abuja 900108, Federal Capital Territory",0706 599 3177,,,,,,,,0,0.000000,9.082401,7.452356,ChIJK7ryKyALThAR4e1iFKcx8Wo,,,
google_maps,,,,OLAY DISPATCH COMPANY LTD,,,,,,"Zone 6, OLAY DISPATCH COMPANY LTD, 33 Yaounde St, Wuse, Abuja 904101, Federal Capital Territory",0802 345 6510,,,http://okoliev.com/,,,,,0,0.000000,9.072219,7.453212,ChIJsepqghcLThARiUEuQmF2EUY,,,
google_maps,,,,ALS DISPATCH,,,,,,"shop 80, ALS DISPATCH, Befs Plaza, Ajose Adeogun St, district, AMAC 900001, Federal Capital Territory",0810 688 4062,,,http://wa.me/2348106884062,,,,,0,0.000000,9.068641,7.443037,ChIJGZ43w6QLThARczx5O0lep4E,,,
google_maps,,,,Wyred Logistics,,,,,,"Galadima Close Off Obasanjo Road Dutse Baupma, Abuja, Federal Capital Territory",0813 329 0363,,,,,,,,31,5.000000,9.016942,7.491656,ChIJF0NAFf0NThAReaSSrZZlkZ8,,,
google_maps,,,,"Nsik Express Delivery, NED",,,,,,"3C9J+HWW Nsik Express Delivery, NED, Jabi, Abuja 900108, Federal Capital Territory",0701 684 2162,,,,,,,,12,4.000000,9.068977,7.432339,ChIJMQETDNZ0ThARdFn_xrxmUDc,,,
google_maps,,,,Parcel2go Delivery and logistics,,,,,,"zone 4, Parcel2go Delivery and logistics, No 27 Addis - Ababa Cres, Wuse, Abuja 904101, Federal Capital Territory",0818 368 0417,,,,,,,,3,3.300000,9.066370,7.480840,ChIJb4Y0Jg4LThARZw0hMdylZps,,,
google_maps,,,,Beta Courier Services,,,,,,"Suite 205, Willands Plaza, Plot 511, Herbert Macaulay Way, Zone 4, Wuse, Abuja, FCT, Federal Capital Territory",0803 566 8550,,,,,,,,6,3.000000,9.063505,7.477746,ChIJCyMGTQELThARm9WmmZGnC2o,,,
google_maps,,,,Mendy Logistics,,,,,,"Iyemi Plaza, Gudu, AMAC, Abuja 900104, Federal Capital Territory",0806 786 6257,,,https://mendylogistics.com.ng/,,,,,0,0.000000,8.995050,7.469408,ChIJIU2Fw1ENThARVcgAGDGkFbE,,,
google_maps,,,,Sendvoy Limited,,,,,,"Zitel plaza, C102 P.O.W. Mafemi Cres, Utako, Abuja 900108, Federal Capital Territory",0707 331 1531,,,https://www.sendvoy.com/,,,,,0,0.000000,9.070513,7.434536,ChIJIf5ai4J1ThARt0gobwey27I,,,
google_maps,,,,"Regalflowers Abuja, Same Day Fresh Flowers Delivery in Abuja, Lagos & Port Harcourt",,,,,,"5 Nairobi St, off Aminu Kano Crescent, Area, Abuja 904101, Federal Capital Territory",0701 000 6664,,,https://regalflowers.com.ng/,,,,,481,4.900000,9.077778,7.464064,ChIJ9yBhZCULThARHV918oLGpVk,,,
google_maps,,,,Travel Easy Logistics,,,,,,"zone 4, Travel Easy Logistics, Sheraton Hotel and Tower, 1 ladi Kwali St, Wuse, Abuja 900281, Federal Capital Territory",0803 260 3784,,,https://traveleasylogistics.com/,,,,,28,4.500000,9.064219,7.481559,ChIJRfn67H8LThARzbuGrOsQNkA,,,
google_maps,,,,messenger deliveries,,,,,,"Gwaram Close Area 3, Garki, AMAC 900243, Federal Capital Territory",0807 494 9847,,,,,,,,1,5.000000,9.030416,7.481685,ChIJq3-2ytQLThARZxKuMwDeHCk,,,
google_maps,,,,Peace Mass Transport,,,,,,"Plot 480, Peace Mass Transport, 483 Ajose Adeogun St, Utako, Abuja 900001, Federal Capital Territory",0707 569 8889,,,,,,,,2150,3.600000,9.068595,7.440957,ChIJ5zepjSoLThARaTC4KIpZuSA,,,
google_maps,,,,Lea's Roadrunners Ltd,,,,,,"Zone 6, Lea's Roadrunners Ltd, 35 Kinshasha St, Wuse, Abuja 904101, Federal Capital Territory",0814 957 6700,,,,,,,,9,5.000000,9.072099,7.453682,ChIJfbsY0RcLThARqX6JBfVLzMU,,,
google_maps,,,,Express Courier delivery,,,,,,"28 Ubiaja Cres, Garki, Abuja 900110, Federal Capital Territory",0812 245 6664,,,,,,,,8,3.300000,9.015686,7.489361,ChIJMdsGDjANThAR_vD_anHZ6iQ,,,
google_maps,,,,Electronics Warehouse,,,,,,"zone 4, Electronics Warehouse, 16 Cape Town, Wuse, Abuja 904101, Federal Capital Territory",0818 683 8757,,,,,,,,264,4.200000,9.064508,7.472026,ChIJv22LAsgLThARkpQ4_lrae-4,,,
google_maps,,,,IT WAREHOUSE LTD ABUJA,,,,,,"SUITE GC 39 & 40, IT WAREHOUSE LTD ABUJA, OLD BANEX PLAZA, Aminu Kano Cres, Wuse 2, AMAC 904101, Federal Capital Territory",0911 132 8093,,,https://itwarehouse.ng/,,,,,2,5.000000,9.084812,7.469288,ChIJUeibYSULThARcYYX5Pnd24A,,,
google_maps,,,,Abujawarehouse,,,,,,"R.S Tahir St, off J.T Useni way Life camp, Abuja 900108, Federal Capital Territory",0802 590 3802,,,http://www.instagram.com/abujawarehouse,,,,,74,4.300000,9.083658,7.382342,ChIJUyLWUsl1ThAR_j3C5bZ_VnI,,,
google_maps,,,,Abuja,,,,,,"3F8M+M72 Abuja, Sani Abacha Wy, Wuse, Abuja 904101, Federal Capital Territory",0802 910 7602,,,,,,,,3,4.300000,9.066627,7.483149,ChIJ86FS8aoLThARhtTA48JKPnI,,,
google_maps,,,,Vista International Warehouse,,,,,,"29QM+6JM Vista International Warehouse, Idu Industrial District, Abuja 900106, Federal Capital Territory",,,,,,,,,43,4.000000,9.038097,7.384052,ChIJJarIAHB0ThARB0EjyANWeQs,,,
google_maps,,,,Cloak Warehouse.,,,,,,"Ultra Modern Market, H2G 075 Turui Yar'adua Block Wuye, Wuye, Abuja 900101, Federal Capital Territory",0705 329 0577,,,,,,,,6,5.000000,9.051107,7.441581,ChIJZTOauxELThARado62E2gcRA,,,
google_maps,,,,Electronics Mega Showroom Store & Furniture Warehouse Plaza (Desired Olive Electronics),,,,,,"zone 5, Electronics Mega Showroom Store & Furniture Warehouse Plaza (Desired Olive Electronics), Joshua Plaza, Plot 2424, 7 Damba Cl, Sultan Abubakar Wy, Wuse, Abuja 900285, Federal Capital Territory",0818 396 4535,,,https://www.desiredolive.com/,,,,,630,4.900000,9.062452,7.467372,ChIJ-8OBFO4LThARKhwTGeagYXk,,,
google_maps,,,,Abuja Premier Medical Warehouse (MDS Logistics),,,,,,"97 Cadastral Zone, opposite EFCC HQ, Jabi, Karonmajigi, Federal Capital Territory",0803 086 7607,,,,,,,,22,4.500000,9.018752,7.410668,ChIJWSClHBRzThAR4-BeLOraWTk,,,
google_maps,,,,96 Warehouse,,,,,,"Utako Ultra Modern Market, Utako, Abuja 900211, Federal Capital Territory",,,,,,,,,0,0.000000,9.065000,7.445932,ChIJVVUBJikLThAR3Im6mODW318,,,
google_maps,,,,Finishing Warehouse Abuja,,,,,,"3F46+4RX Finishing Warehouse Abuja, Mambolo St, Wuse, Abuja 904101, Federal Capital Territory",0810 782 5959,,,http://www.finishingwarehouse.com/,,,,,0,0.000000,9.055375,7.462103,ChIJEanLEgALThAR7wa9OHmIrNU,,,
google_maps,,,,Block 5 Warehouse,,,,,,"30 Wuse Market Rd, Wuse, Abuja 904101, Federal Capital Territory",,,,,,,,,0,0.000000,9.068412,7.466191,ChIJneug7h0LThARDBBKsRDNXE0,,,
google_maps,,,,Warehouse 99,,,,,,"Upstairs), Lagos Line, Utako Ultra Modern Market, Utako, Abuja 900108, Federal Capital Territory",,,,,,,,,0,0.000000,9.065000,7.445932,ChIJVVUBJikLThARRSJek1tlhk4,,,
google_maps,,,,Whimpy Warehouse,,,,,,"The Capital Hub, 209, Ahmadu Bello Wy, Kado, 900108, Federal Capital Territory",0708 132 6002,,,,,,,,10,4.700000,9.089690,7.450052,ChIJmbfnwMcKThARKO_7VS-j9BA,,,
google_maps,,,,Warehouse 77,,,,,,"Utako Ultra Modern Market, Utako, Abuja 900108, Federal Capital Territory",,,,,,,,,0,0.000000,9.065000,7.445932,ChIJVVUBJikLThARLRmfNy1GOBs,,,
google_maps,,,,WAREHOUSE 85/86,,,,,,"Utako Ultra Modern Market, Utako, Abuja 900108, Federal Capital Territory",,,,,,,,,0,0.000000,9.065000,7.445932,ChIJVVUBJikLThARXR6cne9mXd8,,,
google_maps,,,,Warehouse 82,,,,,,"Up) Frontline Plaza, Utako Ultra Modern Market, Utako, District, Abuja 900108, Federal Capital Territory",,,,,,,,,0,0.000000,9.065000,7.445932,ChIJVVUBJikLThARL8c8z7GGFOE,,,
google_maps,,,,Warehouse 82 Up,,,,,,"Utako Ultra Modern Market, Utako, Abuja 900108, Federal Capital Territory",,,,,,,,,0,0.000000,9.065000,7.445932,ChIJVVUBJikLThARK3u1sseg0nY,,,
google_maps,,,,Shop 17 Warehouse,,,,,,"3 Wuse Market Rd, Wuse, Abuja 904101, Federal Capital Territory",,,,,,,,,0,0.000000,9.068731,7.465753,ChIJWUrP-h0LThAR-hVGzrMezWY,,,
google_maps,,,,Smabirm Warehouse,,,,,,"Plot 692, Smabirm Warehouse, Durumi, Abuja 900103, Federal Capital Territory",,,,,,,,,4,4.800000,9.023252,7.464021,ChIJMScrF-MNThARg_qjYBb7nFo,,,
google_maps,,,,LAGRA WAREHOUSING,,,,,,"by OLD CBN JUNCTION, Mohammadu Buhari Wy, beside AP FILLING STATION, Garki, Abuja 902101, Federal Capital Territory",0909 300 0054,,,https://lagrang.com/,,,,,1,5.000000,9.029822,7.501197,ChIJtT1E3loLThARkYuPbeQPU50,,,
google_maps,,,,Boxnpick Nigeria,,,,,,"Alba plaza, plot 91 Asuquo J Okon, Jabi, Abuja 240102, Federal Capital Territory",0805 466 6346,,,http://www.boxnpick.com/,,,,,14,4.800000,9.065062,7.430767,ChIJZUJj5-11ThARMsxj8778jow,,,
google_maps,,,,Warehouse Lifestyle Company,,,,,,"Zone 3, Warehouse Lifestyle Company, by Heritage, AMAC Plaza, Block 10, Federal Capital Territory",0703 406 5406,,,http://www.warehouselifestylecompany.com/,,,,,0,0.000000,9.056283,7.465747,ChIJMSgxMwALThARMpOrYLulXNs,,,
google_maps,,,,MDS Logistics D.C Abuja,,,,,,"Idu Industrial District, Paipe 900108, Federal Capital Territory",,,,,,,,,45,4.000000,9.032166,7.403470,ChIJufGcfYN0ThAR0-a0n-i8AZ0,,,
google_maps,,,,ABDULHAMEED Clearing Agent,,,,,,"Nnamdi Azikiwe International Airport, Abuja 900211, Federal Capital Territory",0803 941 5921,,,,,,,,0,0.000000,9.007490,7.273321,ChIJe514W91xThARzbJsW2TjJlo,,,
google_maps,,,,National Clearing And Forwarding Agency,,,,,,"Shippers Plaza,Opposite Ibro, Michael Okpara St, Wuse, Abuja, Federal Capital Territory",95238297,,,,,,,,0,0.000000,9.060638,7.456507,ChIJkeFD-PsLThARgzBHSiPJhxE,,,
google_maps,,,,Forwarding And Clearing Company,,,,,,"Custom Quarters, Wuse 2 Abuja, Central, Federal Capital Territory",0803 625 8153,,,,,,,,0,0.000000,9.075565,7.489664,ChIJ6bQAp68LThARMmoxaIuixMI,,,
google_maps,,,,Goldenlink Clearing And Forwarding Company Ltd.,,,,,,"Plot 194, Nipost Office, Garki, Abuja, Federal Capital Territory",0806 132 9876,,,,,,,,1,5.000000,9.076425,7.398568,ChIJp83Zj2F1ThARUWbIk9X8yGU,,,
google_maps,,,,JSO CLEARING AND FORWARDING ABUJA,,,,,,"Soka Airports roads, Abuja 900110, Federal Capital Territory",0902 612 3558,,,https://wa.me/2349026123558,,,,,0,0.000000,9.000641,7.267509,ChIJ56dV1ptxThARavGiTB08HW4,,,
google_maps,,,,Abtech Shipping,,,,,,"Suite A 29 Hawthorn Suite ,1 Uke Street off Amadu Bello Way Garki Area 11 FCT Abuja Nigeria Lagos Address : Suite 23 Amazing Grace Plaza 34 Sule Street Mangoro Bus-Stop Agege Lagos State, Abuja 900247, Federal Capital Territory",0901 863 3888,,,https://abtechshipping.com/,,,,,0,0.000000,9.039773,7.504420,ChIJLav3OYQLThARIn-VW2JQ9aM,,,
google_maps,,,,Dumak Logistics Service Ltd,,,,,,"Suite B1 Dantsoho Mall, After Police Station, Asokoro, Abuja, Federal Capital Territory",0803 790 4199,,,,,,,,1,5.000000,9.047927,7.515513,ChIJpX-MFN0LThARcQzNAYg24Gk,,,
google_maps,,,,Zila Synergy Limited,,,,,,"6 Yankari Street, Amssco Platinum City, Galadimawa Galadimawa, Abuja 900107, Federal Capital Territory",0913 600 0617,,,,,,,,1,5.000000,8.996184,7.425024,ChIJRcbl4OxzThARh76m6mnBac0,,,
google_maps,,,,PROSE INTEGRATED LIMITED,,,,,,"784 Herbert Macaulay Wy, Central Business District, Abuja 900103, Federal Capital Territory",0805 315 5515,,,http://proseintegratedltd.com/,,,,,0,0.000000,9.050949,7.487280,ChIJtZaAqb8LThARPPp8vj8a01I,,,
google_maps,,,,VOYAGE SHUTTLES AND LOGISTICS,,,,,,"Ste 36, Wing C, VOYAGE SHUTTLES AND LOGISTICS, Deo Gratias Plaza, 21 A.E. Ekukinam St, opposite Utako Market, Utako, AMAC 900108, Federal Capital Territory",0803 509 0206,,,https://voyagelogistix.com/,,,,,65,4.700000,9.067046,7.444991,ChIJX7yTjWMLThAR0zyiewTOYTE,,,
google_maps,,,,Aonomy,,,,,,"MKK plaza, Suite 109, I.T. Igbani, Jabi, Abuja, Federal Capital Territory",0806 111 5769,,,http://aonomy.ng/,,,,,1,5.000000,9.062918,7.426849,ChIJf2twcdp0ThARqqzxVDAvoVc,,,
google_maps,,,,Maikasa car hire and global logistics,,,,,,"Transcorp Hilton, 1 Aguiyi Ironsi St, Maitama, Abuja 900001, Federal Capital Territory",0703 669 1603,,,http://www.maikasaglobal.com/,,,,,6,5.000000,9.074702,7.494709,ChIJk-ZdIagLThARrCLS_U5hK8U,,,
google_maps,,,,HISOM LOGISTICS ABUJA,,,,,,"X9V7+HMP HISOM LOGISTICS ABUJA, Sultan Mall, 1st Ave Fha, Lugbe 900107, Federal Capital Territory",0805 064 4129,,,,,,,,0,0.000000,8.993937,7.364187,ChIJD0QC9lRzThARTeZW5oadPPo,,,
google_maps,,,,Federal Inland Revenue Service,,,,,,"35 A.E. Ekukinam St, Utako, Abuja 900108, Federal Capital Territory",0811 590 2227,,,http://www.firs.gov.ng/,,,,,16,4.400000,9.066032,7.437059,ChIJ47WrOysLThARJQhwr8ws1Jc,,,
google_maps,,,,"Directorate of Road Traffic Services, Abuja",,,,,,"3CHX+H45 Directorate of Road Traffic Services, Abuja, Mabushi, Abuja 900108, Federal Capital Territory",,,,,,,,,322,3.600000,9.078890,7.447865,ChIJ38-2QNAKThAROARJulbW4qI,,,
google_maps,,,,Flying Eagle Shipping Limited,,,,,,"Room 2-4, Flying Eagle Shipping Limited, Podium) Opposite Conference room, Federal Ministry of Education Alhaji, Shehu Shagari Wy, beside Eagles Square, Central Area, Abuja 904101, Federal Capital Territory",0703 155 1431,,,http://flyingeagleshipping.com/,,,,,0,0.000000,9.070257,7.495299,ChIJx48z50wKThARf8AWoRRhIbM,,,
google_maps,,,,Swiftmoh Logistics LTD,,,,,,"Suite G07 Pathfield Mall, 4th Ave, AMAC, Gwarinpa, Federal Capital Territory",5373831234,,,,,,,,1,5.000000,9.117648,7.406048,ChIJR8oMbTLfTRAR6oSaYt5iGyQ,,,
google_maps,,,,SARATAP GLOBAL SERVICES LIMITED,,,,,,"Along Cargo Warehouse, opposite Conoil Filling Station, Municipal, Abuja 900245, Federal Capital Territory",0814 696 9499,,,http://www.saratapglobal.com/,,,,,1,5.000000,9.011943,7.275523,ChIJ-TnufWhxThAR_fiEL67N8Cw,,,
google_maps,,,,National Clearing & Forwarding Agency,,,,,,"Plot 441 Zungeru C1 Area 3 , Garki, Abuja State, Lagos, Ogun State",,,,,,,,,0,0.000000,6.548318,3.143845,ChIJOZ0YBVmDOxARckh45QD-Gao,,,
google_maps,,,,Nigeria Customs Service Headquarters,,,,,,"2 Lake Taal Cl, Wuse, Abuja 904101, Federal Capital Territory",0806 529 3232,,,http://customs.gov.ng/,,,,,108,4.200000,9.080096,7.495290,ChIJf5klW4YLThARQPic1KAzrWQ,,,
google_maps,,,,Murhpy Shipping & Commercial Services Ltd,,,,,,"Zone 5, Murhpy Shipping & Commercial Services Ltd, Suite 319, Ambeez Plaza, Ndola Crescent, 162 P.T.I. Road, Effurun, Federal Capital Territory",,,,,,,,,1,3.000000,9.059213,7.455292,ChIJRxE99FQLThAR9r2G3GHT6L8,,,
google_maps,,,,Speedaf Abuja,,,,,,"3F3G+9X8 Speedaf Abuja, Nal Blvd, Central Business Dis, Abuja 900103, Federal Capital Territory",0803 813 8233,,,,,,,,40,1.100000,9.053418,7.477464,ChIJyyY5ceYLThAR1cV7z2Nk92M,,,
google_maps,,,,Defence Ship House,,,,,,"2FVJ+WRQ Defence Ship House, Central Business Dis, Abuja 900103, Federal Capital Territory",,,,,,,,,19,4.500000,9.044847,7.482094,ChIJE3wqzp8LThARYO98GC-y8qI,,,
google_maps,,,,ABUJA SOUP VENDOR (Damidelicacies),,,,,,"zone 6, ABUJA SOUP VENDOR (Damidelicacies), Wuse, Abuja 900110, Federal Capital Territory",0812 972 3864,,,,,,,,22,4.900000,9.068956,7.462061,ChIJnd_TLP91ThARvz-6ggJE5ew,,,
google_maps,,,,AKTC JABI,,,,,,"Plot 925 Ishaya Audu Road, beside GTBank, Jabi, Abuja 900108, Federal Capital Territory",0701 684 2162,,,https://aktc.com.ng/,,,,,503,3.900000,9.068378,7.432923,ChIJWcVHN7d1ThAR0oWNcpUzSxM,,,
google_maps,,,,Delta Line - Jabi/Utako,,,,,,"Tunde Idiagbon Street, Jabi, AMAC 900108, Federal Capital Territory",0706 957 5133,,,http://www.deltaline.com/,,,,,290,3.500000,9.063336,7.435744,ChIJnzGJAykLThARP1LT7RkJEEI,,,
google_maps,,,,Eagle Line,,,,,,"20 Usman Sarki Cres, Mabushi, Abuja 900108, Federal Capital Territory",0803 558 8488,,,,,,,,150,3.400000,9.070204,7.448793,ChIJRQ58BNgKThARwjQHWlOnDoE,,,
google_maps,,,,GIG Mobility (GIGM) Utako,,,,,,"Beside Utako Police Station, Plot 113 I.V.W. Osisiogu Street, Utako, Abuja 900001, Federal Capital Territory",0813 985 1110,,,https://gigm.com/,,,,,3603,4.100000,9.065134,7.439734,ChIJpWSokW8LThARlGMYw50NGuc,,,
google_maps,,,,911 Deliveries.NG,,,,,,"Lusaka St, Wuse, Abuja 900286, Federal Capital Territory",0809 743 9075,,,https://www.instagram.com/tv/CYjCJxIOpsU/?utm_medium=copy_link,,,,,0,0.000000,9.071353,7.458650,ChIJDdVvo_oLThARO1ny-ulDMik,,,
google_maps,,,,GUO Logistics - Wuse2,,,,,,"First Floor, GUO Logistics - Wuse2, Ruby Center,Suite 107, Plot 762 Aminu Kano Cres, Wuse 2, Abuja, Federal Capital Territory",,,,https://guologistics.com/,,,,,52,3.800000,9.085709,7.471837,ChIJv1oMG8gLThAR69GzlNd4o8w,,,
google_maps,,,,Prestige Living Winners Logistics Worldwide Ltd,,,,,,"Libreville Cres, Wuse, Garki 904101, Federal Capital Territory",0802 699 7042,,,,,,,,0,0.000000,9.074962,7.461678,ChIJmXvDlt4LThARDtT05mrzyKs,,,
google_maps,,,,Acelo Logistics,,,,,,"Zone 5, Acelo Logistics, Novare Mall 1st Floor, Wuse, Abuja 904101, Federal Capital Territory",0810 311 5430,,,https://www.acelologistics.com/,,,,,0,0.000000,9.064325,7.457768,ChIJO595zWPECi8RyzxvtuTwikY,,,
google_maps,,,,Pauleffect logistics services,,,,,,"Tarkwa Cres, off Adetokunbo Ademola Crescent, Wuse, Abuja 900288, Federal Capital Territory",0703 012 1332,,,https://pauleffectlogisticsservices.com.free/,,,,,3,5.000000,9.076894,7.487481,ChIJ96yn4bALThAReaYZ1ddFPnc,,,
google_maps,,,,Winnerman job global logistics,,,,,,"Zone 5, Winnerman job global logistics, Sky memorial Complex, Michael Okpara St, Wuse, Abuja 900825, Federal Capital Territory",0806 149 3406,,,,,,,,0,0.000000,9.065449,7.457596,ChIJha0joYgLThARxNEdwPG-yZw,,,
google_maps,,,,GIG Logistics - Garki,,,,,,"area 11, GIG Logistics - Garki, Siccons Plaza, opposite Unity House and beside Lifemafe Furniture, Garki, Abuja, Federal Capital Territory",0813 985 1120,,,https://giglogistics.com/,,,,,232,4.100000,9.035198,7.497860,ChIJF3CQOHULThAR-8wudihxiTM,,,
google_maps,,,,Unique Logistics,,,,,,"Dutse sokale, Abuja, Federal Capital Territory",0806 268 0894,,,,,,,,0,0.000000,9.016942,7.491656,ChIJ5_GM0agNThARmfGSACbCKXg,,,
google_maps,,,,Loriku Logistics & Procurement Ltd,,,,,,"Nairobi St, Wuse, Abuja 904101, Federal Capital Territory",0803 400 0069,,,,,,,,0,0.000000,9.076138,7.465943,ChIJHfjFF-QKThAR9we3Ksqm8Zo,,,
google_maps,,,,UMZ Logistics & Service Company Ltd,,,,,,"44, LIBREVILLE STREET, OFF Aminu Kano Cres, opp. METRO CAFE, Wuse 2, Abuja 904101, Federal Capital Territory",0810 453 5073,,,http://www.umzlogistics.com/,,,,,0,0.000000,9.074167,7.463386,ChIJa60PEhgLThARgP1zthh7Pco,,,
google_maps,,,,kaii logistics,,,,,,"Karaye St, Garki, Abuja 900110, Federal Capital Territory",0903 228 5670,,,,,,,,0,0.000000,9.023392,7.494369,ChIJ17Lvv48NThARHCkqyxuC6TE,,,
google_maps,,,,DIO LOGISTICS,,,,,,"Samuel Ladoke Akintola Boulevard, Garki, Abuja 900110, Federal Capital Territory",0817 878 0910,,,,,,,,1,4.000000,9.018694,7.494959,ChIJA19sNt8NThARD2La-dFrvs4,,,
google_maps,,,,Marython Express Ltd,,,,,,"2XL Mall 3rd avenue Abuja, Municipal, Gwarimpa 900108, Federal Capital Territory",0916 655 5554,,,,,,,,1,5.000000,9.094412,7.410109,ChIJe5qboc11ThARG_mukPlDPEA,,,
google_maps,,,,Guo Logistics Gwarinpa 1st Ave.,,,,,,"The convergence by bricks n more, 1st Avenue, Gwarinpa, 900108, Federal Capital Territory",,,,http://www.guologistics.com/,,,,,1,1.000000,9.107534,7.417483,ChIJBxxxXwB1ThARkvQQI5gcGuE,,,
google_maps,,,,GIG Logistics Gwarinpa 1,,,,,,"3rd Ave, Gwarinpa Estate, Gwarinpa 900108, Federal Capital Territory",0813 985 1120,,,https://giglogistics.com/,,,,,244,3.900000,9.098605,7.410195,ChIJ5Wph8VB1ThARMi0ng5BdcK4,,,
google_maps,,,,Swift Daf Logistics,,,,,,"398X+VCF, adjacent Chicken Republic, Gwarinpa, Kado, Abuja 900108, Federal Capital Territory",0904 482 4712,,,https://www.swiftdaflogistics.com/,,,,,55,5.000000,9.067187,7.398548,ChIJiZ2Phrp1ThARzkmSFTflI7Q,,,
google_maps,,,,"ABC Logistics, Gwarimpa",,,,,,"32 4th Ave, Gwarinpa, 900108, Federal Capital Territory",0708 359 2905,,,http://www.abccargoxpress.com/,,,,,42,3.800000,9.117369,7.414775,ChIJoVnhQ7l1ThARMUlmkkK50Kg,,,
google_maps,,,,GUO Logistics - Gwarimpa Station,,,,,,"35 Sa'adu Zungur Ave, Gwarinpa, 900108, Federal Capital Territory",0810 360 5276,,,http://www.guologistics.com/,,,,,66,3.600000,9.117444,7.406579,ChIJCViEAYzfTRAR1zGlvTcYir0,,,
google_maps,,,,Ultrarapid Logistics and Transit Ltd,,,,,,"suite 401, 4th floor, Ultrarapid Logistics and Transit Ltd, kojo motor building, Mabushi, Gwarinpa 900108, Federal Capital Territory",0810 381 7990,,,,,,,,1,5.000000,9.082969,7.448148,ChIJJXtIERwLThARiaXUQZ8hSqs,,,
google_maps,,,,"Andyliz Motors and Logistics, Abuja",,,,,,"35/36 Ekukinam 34/36 Okotieboh Crescent Gwarinpa, Utako, 900108, Federal Capital Territory",0706 059 9718,,,,,,,,15,2.800000,9.066538,7.440992,ChIJUcD9dycLThARRzBaJEgqeao,,,
google_maps,,,,GIG LOGISTICS at Bricks and more plaza 4th avenue.,,,,,,"Suit A1, GIG LOGISTICS at Bricks and more plaza 4th avenue., BRICKS N MORE PLAZA - 4TH AVENUE, 4th Ave, opposite Auwalu Anwar Close, junction, FCT 900108, Federal Capital Territory",,,,,,,,,27,4.000000,9.120309,7.392569,ChIJDXN34KzfTRARLUtB023K598,,,
google_maps,,,,PRIAM LOGISTICS,,,,,,"Oakland Centre, PRIAM LOGISTICS, 48, Aguiyi Ironsi St, Maitama, Abuja, Federal Capital Territory",0809 666 5121,,,,,,,,1,5.000000,9.083885,7.484036,ChIJDQtP4FgKThARHqcpHXaZ4sk,,,
google_maps,,,,QOALINK GLOBAL LIMITED- logistics company,,,,,,"Soar plaza, 1st Avenue, opposite FCMB, Gwarinpa, 900108, Federal Capital Territory",0703 716 9544,,,,,,,,2,5.000000,9.106651,7.416712,ChIJTeOdcPx1ThARX4y3jHkXd3U,,,
google_maps,,,,Ekpokhai Global Transport & Logistics Limited.,,,,,,"Amazon St, Maitama, Abuja 900271, Federal Capital Territory",0903 002 3845,,,,,,,,0,0.000000,9.098719,7.484367,ChIJky2UA7gLThARx3j6oKuC_Qk,,,
google_maps,,,,A1 LOGISTICS,,,,,,"1 Aguiyi Ironsi St, Wuse, Abuja 900271, Federal Capital Territory",0806 892 8260,,,,,,,,1,5.000000,9.077733,7.495852,ChIJcZ0FDfILThARkWy8UZnqtL8,,,
google_maps,,,,Legelege Logistics Limited,,,,,,"1. Yedseram street, off IBB Boulevard, Maitama, Abuja, Federal Capital Territory",0802 801 7546,,,,,,,,4,5.000000,9.090263,7.494391,ChIJr-OkEBwLThARi6lrmo1v8zU,,,
google_maps,,,,Askway Logistics Services Limited,,,,,,"17 Mississippi St, Maitama, Abuja 904101, Federal Capital Territory",0803 787 4728,,,,,,,,0,0.000000,9.092375,7.482257,ChIJ4Qh81iQLThARLL2PtrLGOVI,,,
google_maps,,,,Bnti Limited (Defence Logistics),,,,,,"Suite A 13 Bensima House Red Sea Close, Off Aguiyi Ironsi St, Maitama, Federal Capital Territory",0805 487 8132,,,,,,,,1,3.000000,9.084294,7.481180,ChIJfRj0pVgKThARtSU32G4LWuA,,,
google_maps,,,,Tabvan Logistics,,,,,,"1 Aguiyi Ironsi St, Maitama, Abuja 900001, Federal Capital Territory",0706 379 4842,,,,,,,,0,0.000000,9.074973,7.494270,ChIJhZUXzWkLThARODaFFQWNMNA,,,
google_maps,,,,Adepoju Express,,,,,,"House 14 Close E, Maitama, Abuja 234010, Federal Capital Territory",0815 452 2251,,,,,,,,0,0.000000,9.088196,7.493382,ChIJLbuwRgULThARHM_918OBVGc,,,
google_maps,,,,Dootertom Logistics and general services,,,,,,"Transcorp Hilton, 1 Aguiyi Ironsi St, Maitama, Abuja 900001, Federal Capital Territory",0816 086 5698,,,,,,,,0,0.000000,9.074973,7.494270,ChIJA0PmxbMLThAR1x2eruqOD9k,,,
google_maps,,,,TAK Logistics Services,,,,,,"5th Floor, TAK Logistics Services, Murjanatu House, 1 Zambezi Cres, off Aguiyi Ironsi Street, Maitama, Abuja 904101, Federal Capital Territory",92920393,,,http://taklogisticsltd.com/,,,,,0,0.000000,9.080437,7.490920,ChIJ8VaYoloKThARm_FtLR5ua5Q,,,
google_maps,,,,E2S LOGISTICS,,,,,,"Mabushi by Hakimi compound, Wuse, Abuja 900001, Federal Capital Territory",0707 513 8330,,,,,,,,0,0.000000,9.083612,7.488545,ChIJuX4AMx0LThARybisTG44pBA,,,
google_maps,,,,Surest logistics services,,,,,,"31 Lake Chad Cres, Maitama, Abuja 900271, Federal Capital Territory",0703 662 4369,,,,,,,,0,0.000000,9.090033,7.504335,ChIJVVwtNaALThARtJr4uXqhYcY,,,
google_maps,,,,Prestige Logistics and Transport Ltd,,,,,,"1 Aguiyi Ironsi St, Maitama, Abuja 900108, Federal Capital Territory",0802 976 1450,,,https://www.prestigelogistics.ng/,,,,,9,4.900000,9.074973,7.494270,ChIJtW4D5iILThARnrfJ98DuRWQ,,,
google_maps,,,,Transport and logistics jabi utako,,,,,,"motor park, Utako, Abuja 900108, Federal Capital Territory",0707 191 9004,,,,,,,,2,5.000000,9.056531,7.432478,ChIJoTJjkQd1ThARVIw_aU5NLlc,,,
google_maps,,,,VanillaXpress Logistics,,,,,,"Ebitu Ukiwe St, Jabi, Abuja 900108, Federal Capital Territory",0701 818 3367,,,https://vanilla-xpress-logistics.lovable.app/,,,,,3,4.700000,9.069518,7.432022,ChIJs6VOSr11ThARJad5Bh78j4I,,,
google_maps,,,,Timerx Logistics,,,,,,"Upstair, Abuja 900108, Federal Capital Territory",0905 369 5604,,,,,,,,4,4.300000,9.064106,7.422940,ChIJp8CehOZ1ThARLGsV1-PDwVs,,,
google_maps,,,,Medboat Logistics,,,,,,"10 Ebitu Ukiwe St, Jabi, Abuja 900108, Federal Capital Territory",0701 818 3367,,,https://medboat-africa-connect.lovable.app/,,,,,5,5.000000,9.064077,7.424345,ChIJ38axOCDZTRARWfI06WQeFnA,,,
google_maps,,,,2404foods and Logistics Abuja,,,,,,"PLOT B16, 2404foods and Logistics Abuja, AFTER THE LORD'S CHOSEN CHURCH PARK DISTRICT, SUITE A12, PEREZ PLAZA, Jabi, Abuja, Federal Capital Territory",0707 903 4587,,,https://2404foodsandlogistics.com/about,,,,,0,0.000000,9.062155,7.431951,ChIJp93hCwB1ThARNmg8t5S9Rbs,,,
google_maps,,,,Global delivery company,,,,,,"house 13 , jabi estate, Abuja, Jabi - Sabojibi Rd, lake 900001, Federal Capital Territory",0813 793 8296,,,,,,,,1,5.000000,9.067048,7.405739,ChIJp-ErLjt1ThARswYrfOgqSsY,,,
google_maps,,,,Crea Beam Logistics,,,,,,"110 Ebitu Ukiwe St, Jabi, Abuja 900108, Federal Capital Territory",0908 488 3940,,,,,,,,12,1.300000,9.067011,7.431839,ChIJz9mFH0t1ThARir5oeZ7N5gY,,,
google_maps,,,,Easylink Transport & Logistics,,,,,,"3C7F+C3Q Easylink Transport & Logistics, Mike Akhigbe Wy, Jabi, Abuja 900108, Federal Capital Territory",0703 613 3109,,,,,,,,2,5.000000,9.063585,7.422743,ChIJw3as7dt0ThARNhkjQdv_oLQ,,,
google_maps,,,,Too Swift Global Logistics Limited,,,,,,"Suit A9B, Pasty plaza, Ebitu Ukiwe St, Jabi, Abuja 900211, Federal Capital Territory",0815 597 6781,,,,,,,,3,2.300000,9.069518,7.432022,ChIJpdV45L11ThARP15MgvdM7Z0,,,
google_maps,,,,Optimus Prime Logistics,,,,,,"Ste 312, Optimus Prime Logistics, MKK Plaza, I.T. Igbani, Jabi, Abuja 900108, Federal Capital Territory",0703 475 0003,,,,,,,,1,5.000000,9.063090,7.426851,ChIJNWiEWYx1ThAR3CO5wnha9Gk,,,
google_maps,,,,Infinidad Logistics,,,,,,"Government Area, Block B Ebitu Ukiwe St, :, Abuja 900108, Federal Capital Territory",0701 735 6404,,,http://infinidad.africa/,,,,,5,5.000000,9.070489,7.432187,ChIJFb23wB51ThARa6-LMuspLLE,,,
google_maps,,,,FTD Logistics,,,,,,"4 I.V.W. Osisiogu Street, Utako, Abuja 900108, Federal Capital Territory",0813 654 9597,,,http://www.ftdlogistics.com/,,,,,1,5.000000,9.065134,7.439734,ChIJEYj2id0LThARItSl02AMblA,,,
google_maps,,,,GIG Logistics Utako 2,,,,,,"Ste 3&4, GIG Logistics Utako 2, Atlantic mall, Ajose Adeogun St, off Obafemi Awolowo Way, Utako, Abuja 900108, Federal Capital Territory",0813 985 1120,,,,,,,,140,3.900000,9.068484,7.441321,ChIJoWmSWdF1ThARruZ82VNnUik,,,
google_maps,,,,Alfa global logistics utako,,,,,,"3C8R+M3R Alfa global logistics utako, Utako, Abuja 900108, Federal Capital Territory",0812 000 9995,,,,,,,,0,0.000000,9.066729,7.440133,ChIJLS3UFgALThARDj5KWlfsvXM,,,
google_maps,,,,GIG Logistics Kubwa 1,,,,,,"NNPC Junction, Nymex Plaza, Plot 2, by Gado Nasko Rd, beside Union Bank, Kubwa, Federal Capital Territory",0813 985 1120,,,https://giglogistics.com/,,,,,1,5.000000,9.153667,7.340368,ChIJ_StfkyrZTRARg0xlL5qygoE,,,
google_maps,,,,GIG Logistics Kubwa 2,,,,,,"Gado Nasko Rd, Plot 17 Gindin Dutse Layout, opposite Ignobis Hotel, Kubwa, Federal Capital Territory",0813 985 1120,,,https://giglogistics.com/,,,,,88,4.000000,9.154676,7.336106,ChIJHfBDOJXZTRAR5rqiV6JsUYU,,,
google_maps,,,,GIG Logistics kubwa 2/2 opposite 2/2 Court,,,,,,"132 Gado Nasco Road, By 2, 2nd Dr, Kubwa, Federal Capital Territory",0913 934 6769,,,https://giglogistics.com/,,,,,43,4.000000,9.148898,7.325535,ChIJAbBYo_rZTRARDHibC_IGYjI,,,
google_maps,,,,GUO Logistics - Kubwa,,,,,,"48WF+498 GUO Logistics - Kubwa, Gado Nasko Rd, Kubwa, Abuja 901101, Federal Capital Territory",0811 889 0844,,,http://www.guologistics.com/,,,,,50,4.200000,9.145297,7.323427,ChIJmwfjFQDZTRARFW8FPcxNHHw,,,
google_maps,,,,Xoom logistics,,,,,,"48X8+QVH Xoom logistics, Kubwa, Abuja 901101, Federal Capital Territory",0703 683 6000,,,,,,,,15,4.900000,9.149428,7.317230,ChIJPYyEgWvZTRARasExZgwCatY,,,
google_maps,,,,Obiofor logistics services Abuja branch,,,,,,"SHOP 5 EMERALD PLAZA, 180 GADO NASKO ROAD, BY Nepa Rd, GADO NASKO, JUNCTION, Kubwa 901101, Federal Capital Territory",0707 511 4985,,,https://www.obiofor.com/,,,,,1,5.000000,9.154411,7.335125,ChIJQbAwfrvZTRARTT8w5ZGsnoE,,,
google_maps,,,,E-faucon & Aetos Logistics Services Ltd,,,,,,"Suite 8, Fums Plaza, Gbazango, Abuja 901101, Federal Capital Territory",0812 301 8888,,,,,,,,50,4.900000,9.141195,7.314636,ChIJLZNM2NfZTRARaBJO4Sfq6C8,,,
google_maps,,,,Nakort Global Services,,,,,,"zone 6, Nakort Global Services, 10 Pretoria Street, Wuse, Abuja 900285, Federal Capital Territory",0708 088 3414,,,,,,,,1,5.000000,9.075330,7.458948,ChIJofmCPHALThARt_qP2ZHhqyw,,,
google_maps,,,,GIG Logistics Lugbe,,,,,,"Suite B4, GIG Logistics Lugbe, police signboard, Shepherd King Shopping Complex, Lugbe 900107, Federal Capital Territory",0813 985 1120,,,https://giglogistics.com/,,,,,36,3.700000,8.974894,7.362216,ChIJkdmHAmFzThARcBjQmyLMkIk,,,
google_maps,,,,RianGo logistics,,,,,,"Ste 11, RianGo logistics, De ideal plaza, plot 77 1st Ave Fha, Lugbe 900107, Federal Capital Territory",0916 765 4630,,,,,,,,27,5.000000,8.992332,7.363199,ChIJ97zRHsFzThARvbyQzA89RP8,,,
google_maps,,,,Dhl lugbe police signboard,,,,,,"plot 914, Dhl lugbe police signboard, ibn hameed, Suite B2 Plaza, along 1st Ave Fha, sector, Lugbe 900107, Federal Capital Territory",0907 615 0852,,,https://www.instagram.com/tiwi_concierge?igsh=ZXBhamRua2g0cHhx,,,,,82,4.900000,8.994734,7.364509,ChIJ44JXCMZzThARGFEilszxOvg,,,
google_maps,,,,GUO Logistics - Lugbe,,,,,,"Shop 4, GUO Logistics - Lugbe, De-Ideal Plaza, X9R7+W4F Iddo Tudunwada, beside Kilimanjaro, Lugbe, Federal Capital Territory",,,,https://guologistics.com/,,,,,5,5.000000,8.992312,7.362812,ChIJb6xfZwBzThAR30UK1YwuxQs,,,
google_maps,,,,Furlise Logistics,,,,,,"Lugbe 900107, Federal Capital Territory",0806 835 8833,,,,,,,,1,4.000000,8.964179,7.381337,ChIJY3zMF6hzThAREUulcF6Uwr0,,,
google_maps,,,,"ABC Cargo Express, Lugbe",,,,,,"Suite 1, Delphia Center Opposite Building Materials Market, by Flyover Hotel, Lugbe, Federal Capital Territory",0915 566 7970,,,http://www.abccargoxpress.com/,,,,,26,2.700000,8.984668,7.374322,ChIJe-4zlexzThAR1uzFZKI9KSo,,,
google_maps,,,,Davion prime global,,,,,,"1st floor, Davion prime global, right wing, Airport Rd, beside sunbeth filling station, opposite dunamis, Lugbe, Abuja 900107, Federal Capital Territory",0811 987 7994,,,,,,,,1,5.000000,8.969641,7.378091,ChIJyboy1dtzThARcIvLMHs8Vo0,,,
google_maps,,,,Dassh Logistics,,,,,,"Shop H5, Dassh Logistics, Trademore Av., estate, Lugbe 900107, Federal Capital Territory",0706 044 3739,,,https://www.dashex.com.ng/,,,,,24,5.000000,8.954679,7.371915,ChIJ6zRLYdpzThAR3jjaRt2jZzA,,,
google_maps,,,,Ziva Logistics,,,,,,"FHA, 29 1Q Road, District, Lugbe 900107, Federal Capital Territory",0803 295 3862,,,,,,,,4,2.000000,8.989443,7.357930,ChIJtUOy-BBzThARKblCNvL3teA,,,
google_maps,,,,Bemas Logistics Express,,,,,,"by 1st Ave Fha, Tundu-wada junction, Lugbe 900107, Federal Capital Territory",0803 520 6905,,,,,,,,1,4.000000,8.996370,7.367884,ChIJK-wsOjJzThARnQdeTfZ0PBo,,,
google_maps,,,,Lawpe logistics,,,,,,"Kp plaza plot 475, ruga kapwa Lugbe, Abuja 900107, Federal Capital Territory",0903 920 4327,,,,,,,,5,5.000000,8.974918,7.353288,ChIJIXJwrbtxThARi95N6kYDIfI,,,
google_maps,,,,Click Mart Logistics,,,,,,"No 10b, Enviromental Street Off Masters Lodge, Lugbe 900241, Federal Capital Territory",0702 572 2282,,,http://nnamdi4tech.github.io/myshop/,,,,,1,5.000000,8.988484,7.359120,ChIJw3KCNjZzThAR5M5Kuw9_AUk,,,
google_maps,,,,Lion Strike Logistics,,,,,,"Plot 138, First Avenue, Ring Road 3, FHA, Lugbe, Federal Capital Territory",0909 111 1124,,,,,,,,1,5.000000,8.979422,7.377526,ChIJ25JXlEtyThARUgZqSDi7MbU,,,
google_maps,,,,GIG Logistics Mararaba,,,,,,"132 Giga Plaza, Nyanya, Opp Chrisgold Plaza, Mararaba FCT, Abuja, Federal Capital Territory",0813 985 1120,,,https://giglogistics.com/,,,,,112,3.800000,9.029583,7.585838,ChIJqT83RncJThARwEP42L9Vor8,,,
google_maps,,,,Weltre Logistics,,,,,,"Aco Estate, Ecwa road, Plot 824 Airport road, Lugbe 900107, Federal Capital Territory",0903 371 1057,,,,,,,,8,5.000000,8.952219,7.368468,ChIJce8v2MFzThAR85v5d2n4Xf8,,,
google_maps,,,,Bluewhales Transport Company Limited,,,,,,"Nyanya Park, Karu, Abuja 900007, Federal Capital Territory",0902 989 1080,,,http://bluewhalestransportcompany.com/,,,,,200,3.600000,9.023595,7.570042,ChIJP1qhGtMIThARO6WdV8SVW6c,,,
google_maps,,,,Vectralogix logistics,,,,,,"Shop 28, Vectralogix logistics, apple court plaza, Area A Last Rd, Nyanya, 900103, Federal Capital Territory",0916 222 5477,,,,,,,,1,5.000000,9.030088,7.567297,ChIJ6S-yBIQJThAR9bBJ2N1Rv7w,,,
google_maps,,,,New Nyanya Transport Company Limited,,,,,,"2HJQ+2XR New Nyanya Transport Company Limited, Abuja-Keffi Rd, Expressway, Ado 900101, Federal Capital Territory",0803 216 9180,,,,,,,,217,3.600000,9.030111,7.589903,ChIJkQV-DkAJThARQHa5P7BEEIE,,,
google_maps,,,,Korlun Logistics,,,,,,,0803 344 0865,,,https://korlunlogistics.com/,,,,,27,5.000000,8.914010,7.252021,ChIJYWv9WUCSIiIRk5v9mMspwEE,,,
google_maps,,,,Joemart Logistics,,,,,,"CM 121, Joemart Logistics, plaza, Karu Market, Karu, Abuja 900101, Federal Capital Territory",0803 590 2096,,,,,,,,5,3.800000,9.007450,7.575557,ChIJrQezzicJThARxkM29hZI5vU,,,
google_maps,,,,Hello Logistics,,,,,,,0915 550 4179,,,https://www.instagram.com/p/Ce5effTDYJI/?igshid=YmMyMTA2M2Y=,,,,,5,5.000000,9.033872,8.670771,ChIJU4I23yGLfWoRuwDxigz44Xs,,,
google_maps,,,,Mustard logistics,,,,,,"Nyanya, 900911, Federal Capital Territory",0812 227 2675,,,,,,,,0,0.000000,9.031552,7.570769,ChIJSa21Dd0JThARAK9550DKVYw,,,
google_maps,,,,"AKTC Terminus, Nyanya",,,,,,"2HHM+PV9 AKTC Terminus, Nyanya, Ado 900101, Federal Capital Territory",0701 684 2203,,,http://www.nsikmotors.com/,,,,,99,3.800000,9.029291,7.584733,ChIJXTAVTskIThARuzGXRoIVPDI,,,
google_maps,,,,Cushy Access Logistics - Abuja,,,,,,,0812 648 0308,,,https://cushyaccess.com/logistics,,,,,7,5.000000,8.914010,7.252021,ChIJAVdSysePG0oRxoADhNOOLeg,,,
google_maps,,,,GIG Logistics Bwari,,,,,,"Mustapha plaza, Law School Rd, beside First bank, Bwari 901101, Federal Capital Territory",,,,,,,,,1,5.000000,9.278612,7.374330,ChIJp7jZL1vdTRARrqrvHb5kEiY,,,
google_maps,,,,Divine Majesty Logistics,,,,,,"Bwari town Bwari, Abuja 901101, Federal Capital Territory",0808 045 7445,,,http://dmlogistics.com.ng/,,,,,1,4.000000,9.285808,7.377908,ChIJ72ZIbSPdTRAR92yra7zWqRo,,,
google_maps,,,,ABC Logistics,,,,,,"68 Law School Rd, Bwari 901101, Federal Capital Territory",,,,,,,,,0,0.000000,9.278883,7.374027,ChIJtZFJbADdTRARQ6rEuSTUP1o,,,
google_maps,,,,Faithful Faith Logistics,,,,,,"Opposite Byhazim, police station, Kubwa, Bwari 901101, Federal Capital Territory",0705 966 8605,,,,,,,,1,3.000000,9.223192,7.413527,ChIJOxFGxCzdTRARy2EIyPM_s8o,,,
google_maps,,,,Darl Dispatch and Transportation,,,,,,"59 Law School Rd, Bwari 901101, Federal Capital Territory",0913 846 6350,,,,,,,,0,0.000000,9.279033,7.375909,ChIJMyzPDEjdTRARvt4cJFkhi9c,,,
google_maps,,,,Dfam Nigeria Limited,,,,,,"Zone B,House, Dfam Nigeria Limited, New Extension, 49 Ushafa Rd, Bwari 901101, Federal Capital Territory",0809 808 0442,,,,,,,,0,0.000000,9.275723,7.381207,ChIJkb6--ErdTRAR_NeLUeUZglI,,,
google_maps,,,,Jea'ez Logistics,,,,,,"Sylvester Tyoshan close galadima hill, South Side St, Bwari, Federal Capital Territory",0705 498 5120,,,,,,,,0,0.000000,9.155188,7.354968,ChIJKx_RW5YLThAR3X1rS4EGAIg,,,
google_maps,,,,Standard Bearer Logistics,,,,,,"20 J.F. Kennedy CL., Asokoro, Abuja 900103, Federal Capital Territory",0705 888 8231,,,http://sblogistics.com.ng/,,,,,0,0.000000,9.051439,7.514136,ChIJDwJJrNwLThARGtkBNlQptAc,,,
google_maps,,,,RUSH HOUR LOGISTICS LIMITED,,,,,,"10 Samora Machel St, Asokoro, Abuja 900231, Federal Capital Territory",0704 419 9899,,,https://www.rushhour.com.ng/,,,,,1,5.000000,9.043126,7.518737,ChIJdacDhywLThARgaUZifGzmbA,,,
google_maps,,,,GBAT Logistics Ltd,,,,,,"Shop C1111, GBAT Logistics Ltd, Apo Urban Market, Apo, Lokogoma, Abuja 900110, Federal Capital Territory",0903 283 2840,,,http://www.gbatlogistics.com/,,,,,7,4.900000,9.049597,7.513218,ChIJA3_j5MQe6AkR5vcAnez4y8c,,,
google_maps,,,,CEFO Premium Logistics,,,,,,"15 Mahatma Gandhi St, Asokoro, Abuja 900103, Federal Capital Territory",0810 622 0144,,,https://cefolog.com/,,,,,6,4.800000,9.048649,7.507695,ChIJ6wx5jsELThARCr8yt4bnSnQ,,,
google_maps,,,,Krossborder Express Courier & Logistics Services,,,,,,"Shop B 015, 3G2C+9V7 Krossborder Express Courier & Logistics Services, Dantsoho Plaza, Ajayi Crowther St, Asokoro, Abuja 900103, Federal Capital Territory",0903 331 6984,,,http://krossborder.com.ng/,,,,,58,4.400000,9.050937,7.522187,ChIJ3XPwGAILThARPT2E2MSTKkM,,,
google_maps,,,,DHL COURIER SERVICE ASOKORO,,,,,,"5 Maitama Sule St, Asokoro, Abuja 900103, Federal Capital Territory",0811 305 0913,,,,,,,,4,4.500000,9.047900,7.525504,ChIJUY-uDAAJThARMm36elTt-Gc,,,
google_maps,,,,Above & Beyond Transport & Logistics Limited,,,,,,"37 Yakubu Gowon Cres, Asokoro, Aso 900231, Federal Capital Territory",0812 137 5022,,,,,,,,0,0.000000,9.054172,7.525742,ChIJbQUyoPYJThAR7Quvdt5phOs,,,
google_maps,,,,HOLIC LOGISTICS,,,,,,"2GRG+43Q HOLIC LOGISTICS, Kwame Nkrumah Cres, Asokoro, Aso 900103, Federal Capital Territory",,,,,,,,,0,0.000000,9.040337,7.525244,ChIJEzyOWAAJThAR3YZ-tD74lMg,,,
google_maps,,,,Alenco Gadgets & Logistics Services,,,,,,"18 Julius Nyerere Cres, Asokoro, Abuja 900001, Federal Capital Territory",0903 602 0998,,,,,,,,0,0.000000,9.046922,7.524830,ChIJLeIvMx4JThARvwTA-sTWwGs,,,
google_maps,,,,Thirfman Support And Logistic Services Ltd,,,,,,"4 Tito Bros St, Asokoro, Abuja 900103, Federal Capital Territory",0802 062 0906,,,,,,,,0,0.000000,9.049701,7.509398,ChIJ08J_a6kLThAR7MiXXO3Skfk,,,
google_maps,,,,BT Xpress Universal Ltd.,,,,,,"Ste BB03, BT Xpress Universal Ltd., Hill Side Plaza, By AYA, Yakubu Gowon Cres, Asokoro, Aso 900103, Federal Capital Territory",0811 141 4141,,,,,,,,8,3.800000,9.052646,7.524989,ChIJXyzHCGIJThAR3Z5q465lDF4,,,
google_maps,,,,Sunivera Logistics Limited,,,,,,"N0, Sunivera Logistics Limited, 10 Lord Lugard St, Asokoro, Abuja 900231, Federal Capital Territory",0706 632 7950,,,https://suniveralogisticsltd.com/,,,,,0,0.000000,9.048786,7.506275,ChIJr5VSrsELThAR4tOOqGGbmF8,,,
google_maps,,,,MAIN GLOBAL LOGISTICS SERVICE LIMITED,,,,,,"76 Yakubu Gowon Cres, Asokoro, Aso 900210, Federal Capital Territory",0803 733 7374,,,,,,,,0,0.000000,9.046612,7.526486,ChIJdUOC0V8JThARTfzQqNcYEYE,,,
google_maps,,,,Sparks allied service's,,,,,,"Yakubu Gowon Cres, Asokoro, Abuja 900001, Federal Capital Territory",0812 795 0940,,,,,,,,0,0.000000,9.047480,7.516545,ChIJY-O6a20LThARg6C1MMa6ouk,,,
google_maps,,,,Jióhelo,,,,,,"ZONE 6, Jióhelo, 18 Bissau St, Wuse, Abuja 900286, Federal Capital Territory",0811 959 3983,,,https://instagram.com/jiohelo_ng?utm_medium=copy_link,,,,,34,5.000000,9.069818,7.460863,ChIJ81-pB9ELThAR2Bf6X36WyLk,,,
google_maps,,,,KO Express Delivery,,,,,,"Suit A61, KO Express Delivery, New Banex Plaza, Aminu Kano Cres, Wuse, 900281, Federal Capital Territory",0916 950 7586,,,http://koexpressdelivery.com/,,,,,2,3.000000,9.083721,7.468205,ChIJs-RjWO4KThARcej_qgW5fuY,,,
google_maps,,,,DHL Service Point (STARK EXPAT SERVICES LTD),,,,,,"Zone 3, DHL Service Point (STARK EXPAT SERVICES LTD), SUITE 102 WELLTIME PLAZA, 72 Abijan St, Wuse, Abuja, Federal Capital Territory",0803 907 7000,,,https://locator.dhl.com/results?address=id:ABV484&language=en&lc=NG&resultUom=km&clientAppCode=GYD,,,,,37,4.100000,9.062281,7.475213,ChIJJa4vAQQLThAR-yuie5zuqbA,,,
google_maps,,,,Chopcave,,,,,,"No 3 messenya street, off Cotonou Cres, Wuse, Abuja 900281, Federal Capital Territory",,,,http://chopcave.com.ng/,,,,,1,5.000000,9.069654,7.461797,ChIJ0_zbDGoLThAREqO2MsUtwsw,,,
google_maps,,,,XCOS,,,,,,"Zone 6, XCOS, 22 Massenya St, Wuse, Abuja 900288, Federal Capital Territory",0903 616 6993,,,https://xcos.ng/,,,,,9,4.900000,9.070813,7.462743,ChIJ4fvPqg0LThARvB-SsXWhhNo,,,
google_maps,,,,"Perfect Trust Cosmetics Limited, Wuse Market",,,,,,"Block A10, Perfect Trust Cosmetics Limited, Wuse Market, Shop 5 Wuse Market Rd, Wuse, Abuja 900285, Federal Capital Territory",0813 494 0322,,,https://www.perfecttrustbeauty.com/,,,,,7,3.700000,9.068663,7.464549,ChIJXZfLCB4LThARDtNAOOQJYQw,,,
google_maps,,,,Chidera Supermarket,,,,,,"Zone 6, Chidera Supermarket, Plot 2013 Bissau St, Wuse, Abuja 904101, Federal Capital Territory",0706 655 3886,,,,,,,,0,0.000000,9.069829,7.460650,ChIJzURuL9cLThARYAF9WI3Tn7A,,,
google_maps,,,,Pasmart Pharmacy & Stores Ltd,,,,,,"Zone 6, Pasmart Pharmacy & Stores Ltd, Plot 2013 Bissau St, Wuse, Abuja 904101, Federal Capital Territory",,,,,,,,,1,5.000000,9.069829,7.460650,ChIJt5_92qELThAR3CqynIzvphI,,,
google_maps,,,,"Bismid Cosmetics, Wuse Market, Abuja, Nigeria",,,,,,"B30, Shop, Bismid Cosmetics, Wuse Market, Abuja, Nigeria, inside the market, 2 Wuse Market Rd, opposite Access Bank Building, FCT, Abuja 904101, Federal Capital Territory",0809 800 0043,,,https://bismidcosmeticsabuja.com/,,,,,88,4.800000,9.068858,7.465207,ChIJbwpWVJMLThAR-0zwOumDiJs,,,
google_maps,,,,Mattress store in wuse Abuja,,,,,,"Herbert Macaulay Way wuse, market, Amc, Abuja, Federal Capital Territory",0816 273 2096,,,,,,,,19,4.900000,9.068370,7.463811,ChIJB8MZVkkLThARodmCKMnIWmQ,,,
google_maps,,,,UPS Express,,,,,,"2FHG+W43 UPS Express, Plot 2196 Cadastral Zone besides Savannah hotel, Faskari St, Garki, Abuja 900103, Federal Capital Territory",92914624,,,http://www.ups.com/,,,,,174,3.500000,9.029858,7.475437,ChIJxfLEeugLThARf5O33r-HvqQ,,,
google_maps,,,,Cenok Courier Services,,,,,,"13 Shetima Ali Mungono Cres, District, Abuja 904101, Federal Capital Territory",0805 544 4846,,,,,,,,0,0.000000,9.059213,7.455292,ChIJGcB8i3YLThARuW9EtHq6isU,,,
google_maps,,,,World Courier,,,,,,"Area 3, World Courier, Shop K5 Neighbourhood Centre, Garki, 900110, Federal Capital Territory",0915 098 0553,,,,,,,,0,0.000000,9.030800,7.480078,ChIJO6GllDoLThAR_hZ672At5O4,,,
google_maps,,,,DHL Express (EFAB MALL GARKI ),,,,,,"Suite C17, Efab Mall, Area 11, Garki, Abuja 900104, Federal Capital Territory",0816 871 9898,,,,,,,,23,4.100000,9.043667,7.504054,ChIJw8321IMLThARDDfg1sQuT08,,,
google_maps,,,,Standard Continental Courier Limited,,,,,,"Able plaza, Garki, AMAC Area10, Federal Capital Territory",0803 798 7555,,,,,,,,0,0.000000,9.039405,7.488858,ChIJ_3Ba6bcLThARp7sEqUfIfHo,,,
google_maps,,,,Raje Ibrahim Courier Service,,,,,,"112, Gwarimpa 2 Junction, Zuba, Gwarimpa Gwarimpa, Federal Capital Territory",,,,,,,,,0,0.000000,9.046672,7.494248,ChIJ_x8OWAALThAR902kirpx58g,,,
google_maps,,,,Courier Plus,,,,,,"Canal House, Central Business Dis, Abuja 900103, Federal Capital Territory",0805 792 0418,,,,,,,,19,3.400000,9.045735,7.474863,ChIJUQGWu4QLThARAo0ujdIJnBM,,,
google_maps,,,,Sultan Courier Services Ltd,,,,,,"block B, flat 2, Sultan Courier Services Ltd, Area 2 Ajaokuta St, Garki, Abuja 900103, Federal Capital Territory",0806 570 4272,,,http://sultancourier.com/,,,,,8,3.800000,9.033349,7.476589,ChIJ6dT5hnkLThARCMu9GX0mBBs,,,
google_maps,,,,DHL Service Point (KLEAN DEAL LAUNDRY & DRY CLEANING SERV. IRO),,,,,,"Plaza 5153, 3rd Ave, Gwarinpa Estate, Abuja, Federal Capital Territory",0803 907 7000,,,https://locator.dhl.com/results?address=id:ABV508&language=en&lc=NG&resultUom=km&clientAppCode=GYD,,,,,2,2.500000,9.098288,7.409570,ChIJv4uHR_51ThARponXDxaHMkk,,,
google_maps,,,,Ups Express Gwarinpa,,,,,,"Chembian Plaza, 4th Ave, Gwarinpa, Abuja 900108, Federal Capital Territory",0803 279 9562,,,http://www.ups.com/content/ng/en/index%20...,,,,,5,3.000000,9.117139,7.404428,ChIJa3iJ7ip1ThAR74gmhwm7Adc,,,
google_maps,,,,Dove Express and Courier Services,,,,,,"B09 Gusto Plaza, 1st Avenue Gwarimpa Estate, FCT-Abuja Abuja Municipal, Gwarinpa 900109, Federal Capital Territory",0901 819 2832,,,,,,,,1,4.000000,9.102957,7.417265,ChIJLTUrPS51ThARbWw4GGbliXc,,,
google_maps,,,,DHL Service Point (STYLE AVENUE LIMITED),,,,,,"911 Mall, Suite GS 10, 70 Usuma St, Maitama, Abuja, Federal Capital Territory",0803 907 7000,,,https://locator.dhl.com/results?address=id:PHC211&language=en&lc=NG&resultUom=km&clientAppCode=GYD,,,,,2,5.000000,9.076647,7.498291,ChIJb41wsJwLThAREkmQtTaHEWU,,,
google_maps,,,,Swift Couriers Limited,,,,,,"Suite 26 Wuse Shopping Complex, Federal Capital Territory",,,,,,,,,0,0.000000,9.079832,7.492313,ChIJESH7wdoLThARuHuPjfu9hmU,,,
google_maps,,,,DHL Service Point - TRAVEL WELL LTD (IRO),,,,,,"3 Ruvuma St, off Yedseram Street, Maitama, Abuja 900271, Federal Capital Territory",0803 907 7000,,,https://locator.dhl.com/results?address=id:ABV509&language=en&lc=NG&resultUom=km&clientAppCode=GYD,,,,,2,3.000000,9.092339,7.497368,ChIJ73W4b_oLThARjAgcwGFvWw0,,,
google_maps,,,,DHL Service Point (EASTSIDE AGENCY),,,,,,"SUITE A34, DHL Service Point (EASTSIDE AGENCY), MAITAMA SHOPPING COMPLEX, Maitama, Abuja 904101, Federal Capital Territory",0803 907 7000,,,https://locator.dhl.com/results?address=id:ABV494&language=en&lc=NG&resultUom=km&clientAppCode=GYD,,,,,4,4.000000,9.088666,7.498184,ChIJkRoxRTILThARll9Wp6YLaK8,,,
google_maps,,,,DHL JABI,,,,,,"BLOCK F, DHL JABI, SUITE 17 Obafemi Awolowo Wy, Jabi, Abuja 900108, Federal Capital Territory",0902 221 1133,,,,,,,,21,4.500000,9.059936,7.418100,ChIJ0zfbuAR1ThARLjBfCLW-rsk,,,
google_maps,,,,United Courier Limited,,,,,,"Plot 781 Obafemi Awolowo Wy, Area II, Abuja 900108, Federal Capital Territory",,,,,,,,,0,0.000000,9.062001,7.422692,ChIJT3BO6KF1ThAREgsg_1LIVwg,,,
google_maps,,,,Manufacturers Delivery Service (MDS) - Division of UAC,,,,,,"Idu Industrial, Estate, off Airport, Jabi, Road, Federal Capital Territory",,,,,,,,,0,0.000000,9.064106,7.422940,ChIJuXW1NJl1ThARtPj-WIB-nBQ,,,
google_maps,,,,Sirbxt Logistics,,,,,,"Block E, opposite Rukayat plaza, Jabi, AMAC 900101, Federal Capital Territory",0805 105 4487,,,,,,,,0,0.000000,9.064106,7.422940,ChIJCdagf7F1ThARhLnIJWqjG64,,,
google_maps,,,,Nsik Express Delivery Co,,,,,,"Harmonic Plaza, Suite SC11, Jabi, Federal Capital Territory",0805 781 2455,,,,,,,,2,4.000000,9.063827,7.423347,ChIJ5w7Z6dt0ThARGp2Ou1ioRfM,,,
google_maps,,,,DHL Service Point - Laurina Property (DE-MIG SOLUTIONS AND LOGISTICS),,,,,,"SUITE 17 BLOCK F, SABONDELE SHOPPING COMPLEX, Jabi, Abuja, Federal Capital Territory",0803 907 7000,,,https://locator.dhl.com/results?address=id:ABV487&language=en&lc=NG&resultUom=km&clientAppCode=GYD,,,,,1,5.000000,9.060731,7.417906,ChIJtZzfaL4ZWhARfT1305DJvgQ,,,
google_maps,,,,Efdil courier,,,,,,"I.T Igbani Street, Jabi, 240102, Federal Capital Territory",0903 021 8217,,,,,,,,0,0.000000,9.063357,7.427722,ChIJi_5uC7d1ThAR8HrT8xngt3k,,,
google_maps,,,,Carpardoc Integrated Courier Services Limited,,,,,,"M. Yewa House Abuja Jabi District, Federal Capital Territory",0803 075 3738,,,,,,,,0,0.000000,9.074934,7.433049,ChIJq7ums391ThARJV2sTpO87Do,,,
google_maps,,,,DHL COURIER EXPRESS kubwa,,,,,,"227 Gado Nasko Rd, Kubwa, Abuja 901002, Federal Capital Territory",0703 738 1255,,,,,,,,35,4.000000,9.149680,7.329357,ChIJcTlzz9DYTRARPGSePtqut6w,,,
google_maps,,,,"DHL Service Point, Arab junction Kubwa",,,,,,"IBWAS Oil & Gas, near Arab Road, Juncture, Federal Capital Territory",0903 767 9630,,,,,,,,83,4.200000,9.139492,7.302965,ChIJfYUHyBTZTRARTsaDsIBPxnw,,,
google_maps,,,,GNL Express & Cargo Kubwa Abuja,,,,,,"Suite 8, GNL Express & Cargo Kubwa Abuja, Joem Plaza, inside Mobil Filling Station, adjacent to Chuk Citi Foods, Abuja 901101, Federal Capital Territory",,,,,,,,,2,5.000000,9.141110,7.367454,ChIJpVLjporfTRAR1Fbb3o_G-Ko,,,
google_maps,,,,DHL Service Point (E.N.A PROSPECTS),,,,,,"CHANNEL 8 JUNCTION, CHEVAL PLAZA, opposite ZUMA BAKERY, Kubwa, Abuja 901101, Federal Capital Territory",0803 907 7000,,,https://locator.dhl.com/results?address=id:ABV468&language=en&lc=NG&resultUom=km&clientAppCode=GYD,,,,,3,3.000000,9.147926,7.323731,ChIJxQHC9hghWhARaD67JMSXZfo,,,
google_maps,,,,Nipost Kubwa,,,,,,"584R+PJ8 Nipost Kubwa, Kubwa 901101, Federal Capital Territory",,,,,,,,,64,3.500000,9.156783,7.341592,ChIJgZpqf9fYTRARSgaBeYEIkNs,,,
google_maps,,,,SpeedMax Logistics - Kubwa,,,,,,"Area Council (BAC, Back of NYSC Camp, Gbazango Extension, Kubwa, Abuja, Federal Capital Territory",0814 111 7150,,,https://speedmax.com.ng/,,,,,0,0.000000,9.148698,7.318244,ChIJXdEC_gXdTRARs-Ts_uDsNYU,,,
google_maps,,,,AUTOSTAR COURIER SERVICES LTD,,,,,,"Suite 11, AUTOSTAR COURIER SERVICES LTD, Ide Plaza, Obafemi Awolowo Wy, Mabushi, Abuja 900108, Federal Capital Territory",,,,,,,,,1,3.000000,9.068624,7.442316,ChIJ6Q4AXQALThARJ_MkjbqxPZA,,,
google_maps,,,,"DHL SERVICE POINT, DUTSE ALHAJI - BWARI ROAD, NEAR FIRS OFFICE, ABUJA",,,,,,"SHOP 5, CANDELLUX PLAZA, Bwari Rd, near FIRS OFFICE, Abuja, Federal Capital Territory",0813 002 1293,,,,,,,,4,4.300000,9.133855,7.363919,ChIJ6dEvmOkLThAR8dqPxaoAmU0,,,
google_maps,,,,DHL UTAKO,,,,,,"Suite 72, 2nd Floor, DHL UTAKO, Befs Plaza, Off Obafemi Awolowo Wy, opposite MFM, Utako, Abuja 900108, Federal Capital Territory",0811 204 1413,,,https://gttal.com/dhl-service-centre/,,,,,23,2.700000,9.068641,7.443037,ChIJb5jYjXELThARSD2CJiEww_0,,,
google_maps,,,,Ekesons Parcels services,,,,,,"7 A.E. Ekukinam St, Utako, Abuja 900108, Federal Capital Territory",0805 913 5807,,,http://www.epsng.org/,,,,,94,3.700000,9.066340,7.444405,ChIJJfp4ULULThARoTvtKJLJvEc,,,
google_maps,,,,DHL Service Point (GIFT AND EUST T&TOUR AGENCY LTD),,,,,,"Befs Plaza, SUITE 72 2ND FLOOR, opp. MFM, DISTRICT, Abuja, Federal Capital Territory",0803 907 7000,,,https://locator.dhl.com/results?address=id:ABV490&language=en&lc=NG&resultUom=km&clientAppCode=GYD,,,,,1,5.000000,9.068776,7.443224,ChIJOdzTfgsbWhARscXVnicwJg4,,,
google_maps,,,,DHL Service Point (SKYWAY SYNERGY CRUISER TRAVELS & TOUR),,,,,,"23 Ekukinam Street Utako District, opposite chisco park, Utako, Abuja, Federal Capital Territory",0803 907 7000,,,https://locator.dhl.com/results?address=id:LOS607&language=en&lc=NG&resultUom=km&clientAppCode=GYD,,,,,7,4.300000,9.066635,7.439725,ChIJ5ZUKV7YLThAR4KBfqyIlTXM,,,
google_maps,,,,OFEX COURIER,,,,,,"Suit 36C, OFEX COURIER, Deo Gratias Plaza, Utako, Abuja 900108, Federal Capital Territory",0703 113 4933,,,,,,,,3,1.700000,9.067851,7.446440,ChIJiS6vTSgLThARf185bH1Y6UE,,,
google_maps,,,,MiLabNG,,,,,,"3F66+4XF MiLabNG, B1, Wuse, Abuja 900001, Federal Capital Territory",,,,,,,,,1,5.000000,9.060311,7.462435,ChIJm2y8BnILThAR4_pxORa7x2U,,,
google_maps,,,,Orienco Travel and Tourism Ltd,,,,,,"Zone 5, Orienco Travel and Tourism Ltd, 35 Khartoum Street, Wuse, zone 5, Abuja 500102, Federal Capital Territory",+237 6 98 77 19 68,,,http://www.oriencotravels.com/,,,,,0,0.000000,9.062803,7.463748,ChIJp_4ewfMLThAR_UfM0AGGwY8,,,
google_maps,,,,Vartech Electronics and Computers Ltd,,,,,,,0705 084 3611,,,,,,,,3,4.700000,9.024256,7.449868,ChIJkaUH3p8VUksRaTEP4we2BZw,,,
google_maps,,,,MICMAC INNOVATIONS,,,,,,"Suite 39, Floor 2, MICMAC INNOVATIONS, Mazfallah Plaza, Karu, New Karu 900101, Federal Capital Territory",0915 555 5740,,,,,,,,3,5.000000,9.013334,7.563593,ChIJW2U07SkPThARvYDvORHBnMI,,,
google_maps,,,,Corral Errands,,,,,,,0901 441 8611,,,https://corralerrands.com.ng/,,,,,0,0.000000,8.914010,7.252021,ChIJU7N5A-d18I4RdyLzXxwuXb0,,,
google_maps,,,,Decorintrigued Interior Concepts,,,,,,,0916 634 0856,,,,,,,,1,5.000000,9.033872,8.670771,ChIJ6yMRegULThARwxVq22O7tIc,,,
google_maps,,,,Wuseward,,,,,,,0803 635 3165,,,,,,,,0,0.000000,9.024256,7.449868,ChIJRVMBj3ypm2IRzteqKRRYibg,,,
google_maps,,,,DHL Service Point (Remmykay Travel Services Limited),,,,,,"BEHIND BABANGIDA MARKET, Lugbe 900107, Federal Capital Territory",0803 907 7000,,,https://locator.dhl.com/results?address=id:ABV467&language=en&lc=NG&resultUom=km&clientAppCode=GYD,,,,,32,4.300000,8.987665,7.369013,ChIJQQ39sk4XWhARxHN56DKKHBY,,,
google_maps,,,,UPS Express FHA Lugbe,,,,,,"Federal Housing, 25 premiere Academy st. Vicnojo Plaza Lugbe, AMAC, Abuja 900107, Federal Capital Territory",0803 280 8171,,,,,,,,0,0.000000,8.988879,7.359523,ChIJ48LBxblzThARERDA-BLGTVk,,,
google_maps,,,,DHL Lugbe behind Amac plaza,,,,,,"behind AMAC Market, AMAC, Abuja 900001, Federal Capital Territory",0811 305 0913,,,,,,,,9,4.900000,8.993071,7.354718,ChIJ16cHZRtzThARcx9u4RxLZqY,,,
google_maps,,,,Speedaf express ABV-Lugbe,,,,,,"Suite 15, Speedaf express ABV-Lugbe, Vicnojo Plaza, Along Premiere Academy St, Lugbe 900107, Federal Capital Territory",0708 063 6400,,,,,,,,39,2.200000,8.988721,7.357535,ChIJkW0lVohzThARy0ryYIWCSK8,,,
google_maps,,,,Cargonaija Abuja,,,,,,"Shop R196, Cargonaija Abuja, Amac Market, Kuje, Lugbe 900107, Federal Capital Territory",0901 883 5163,,,https://cargonaija.com/abuja-branch/,,,,,8,4.500000,8.986656,7.374636,ChIJmbHWecBzThARmkz8mLYBf1I,,,
google_maps,,,,Jesdafabrics,,,,,,"kapwa lugbe, KP plaza, Lugbe 900107, Federal Capital Territory",0806 924 7906,,,,,,,,58,3.500000,8.963740,7.381385,ChIJJ3NV1vNxThARVl28syDUfzg,,,
google_maps,,,,Flowers in Abuja by krafts by Lanuk,,,,,,"Lugbe, Abuja, Federal Capital Territory",0810 359 0688,,,https://krafts-by-lanuk.catlog.shop/,,,,,9,5.000000,8.964179,7.381337,ChIJcUhl6N9zThARpnBpqd-WaIg,,,
google_maps,,,,Tiwi Concierge Limited,,,,,,"Suite b2, Tiwi Concierge Limited, Ibn Hameed Plaza, Plot 914 1st Ave Fha, Sector, Lugbe 900107, Federal Capital Territory",0907 615 0852,,,https://www.instagram.com/tiwi_concierge?igsh=dHRhdm8zc2R1Z3hq,,,,,1,5.000000,8.994849,7.364648,ChIJ849oK8xzThARdED-Q5yPFpg,,,
google_maps,,,,Virtuous Link,,,,,,"Shop No 1 C LINE, Virtuous Link, A&G Estate, Tundunwada, Lugbe 900107, Federal Capital Territory",0704 592 9961,,,,,,,,5,4.800000,8.964179,7.381337,ChIJM1MuvVpzThARCppHLB3ydEI,,,
google_maps,,,,Dainty Packaging,,,,,,"Beauty Frey, Lugbe 900107, Federal Capital Territory",0903 069 8056,,,https://daintypackaging.bumpa.shop/,,,,,3,3.300000,8.962242,7.381398,ChIJWdqqyjcLThARs7TurIiw0sQ,,,
google_maps,,,,"River Park Estate, Lugbe",,,,,,"Airport Rd, Lugbe 900107, Federal Capital Territory",92920688,,,https://www.housesforafrica.co/,,,,,1346,4.400000,8.970521,7.350712,ChIJU5mEMiRyThARaVUg6VNDtEc,,,
google_maps,,,,MUAHIB STORES,,,,,,"police sign board, Lugbe 900108, Federal Capital Territory",0902 579 4407,,,https://wa.me/c/2348144493361,,,,,403,3.900000,8.964179,7.381337,ChIJw3uueZNzThAR1EU7mRng9uc,,,
google_maps,,,,LitersNg,,,,,,"Airport Lugbe, opposite by ShopRite, Abuja 900108, Federal Capital Territory",0902 358 8876,,,,,,,,1,4.000000,8.964179,7.381337,ChIJC2jvQ8FzThARTuxUreoT01A,,,
google_maps,,,,Buy Now and Pay Later Electronics,,,,,,"Vita foam, Shop 1, house 3, 21, by D), Road, babangida FHA, FHA Estate, Lugbe, Federal Capital Territory",0806 302 1377,,,,,,,,55,4.800000,8.964179,7.381337,ChIJqSnotGFzThARof64g8cD8LY,,,
google_maps,,,,KATY-JON PHONE ACCESSORIES,,,,,,"A53 Old Benny Rose FHA Lugbe Municipalarea, Abuja 900107, Federal Capital Territory",0902 327 6559,,,,,,,,7,5.000000,8.964179,7.381337,ChIJS-QPq0pzThARgVwkLn1Fo04,,,
google_maps,,,,Zone 8 You and Me Garden Lugbe,,,,,,"Unnamed Road, Lugbe 900107, Federal Capital Territory",,,,,,,,,27,4.300000,8.971612,7.380098,ChIJkTnkCHZzThARU5uerNQ_eCs,,,
google_maps,,,,Rees import,,,,,,"Zone 4, Rees import, Mtn Mass Lugbe, Amac, Lugbe 900281, Federal Capital Territory",0901 844 3719,,,,,,,,1,5.000000,8.963592,7.381290,ChIJoyXkkjoLThARH9MtI_NDxSk,,,
google_maps,,,,ELIDAC DRY CLEANING SERVICES,,,,,,"Lugbe zone 5 beside davis hotel Z5 Lugbe, beside Davis Hotel, Abuja 900107, Federal Capital Territory",0803 659 8814,,,,,,,,8,4.900000,8.964179,7.381337,ChIJ91OS1d1zThARDCvXd0ZYF6s,,,
google_maps,,,,Soft Courier Express,,,,,,"X9J7+V37 Soft Courier Express, 1st Ave Fha, FHA, Lugbe 900107, Federal Capital Territory",0902 689 5148,,,https://instagram.com/soft.courier.express?igshid=MmIzYWVlNDQ5Yg==,,,,,2,5.000000,8.982158,7.362570,ChIJYchz1fxzThARyvF4GWM-dJE,,,
google_maps,,,,KIAMAZA Courier & Logistics Company Limited,,,,,,"3C36+P35 KIAMAZA Courier & Logistics Company Limited, Major Oil, Airport Rd, Jabi, Abuja 900108, Federal Capital Territory",0908 877 7737,,,,,,,,3,5.000000,9.054270,7.410238,ChIJFZwk1r91ThARdv8J4hGhgu0,,,
google_maps,,,,International Global Delivery Logistics Service,,,,,,"Nnamdi azikwe international airport Bill Clinton FCT ABUJA (Arrival Terminal FAAN, AMAC, Abuja 900105, Federal Capital Territory",,,,http://igdlogisticservices.rf.gd/wp/,,,,,0,0.000000,9.053426,7.485216,ChIJ0f43jmULThAR2pt-H9eBaVE,,,
google_maps,,,,Dynamics Plus Logistics and lnteriors,,,,,,"Block A9 flat 1, Aso Estate site 5F8, Sabon Lugbe , Airport Road, Abuja, Lugbe 900107, Federal Capital Territory",0703 281 0378,,,,,,,,0,0.000000,8.956419,7.344792,ChIJyTq40eRzThAR8Y0AlE7oEAU,,,
google_maps,,,,P and D logistics,,,,,,"Bassa, Airport Rd, Municipal, Abuja 900107, Federal Capital Territory",0806 693 2516,,,,,,,,0,0.000000,8.976475,7.362842,ChIJbWvkJ7lzThARSqVJjCOMlAY,,,
google_maps,,,,MSP Logistics And NanoWonder Creations,,,,,,"House 17a Zone 6 After Amac Hospital, off Airport Rd, Lugbe, Federal Capital Territory",0915 220 0106,,,http://www.mysafepay.ng/NanoWonder,,,,,0,0.000000,8.972260,7.372046,ChIJXU7UUFtzThARhv7qV3r8G-g,,,
google_maps,,,,David Myers,,,,,,"Lugbe, Airport Rd, Abuja, Federal Capital Territory",0913 060 8857,,,,,,,,0,0.000000,8.963775,7.362272,ChIJ7YgESrNzThARhr7fwg4pg4U,,,
google_maps,,,,Cargo Zeal Technologies Ltd.,,,,,,"Zone 1, Cargo Zeal Technologies Ltd., Suite 6B, Mangal Plaza, Plot 1, Garoua Street, Off Nouakchott St, Federal Capital Territory",,,,,,,,,0,0.000000,9.053082,7.467846,ChIJ0WE-DNYLThAR7IHa1-x8ipM,,,
google_maps,,,,Q & E Production,,,,,,"Utako, Abuja 904101, Federal Capital Territory",0809 578 9000,,,,,,,,0,0.000000,9.062731,7.469991,ChIJq0_apF0LThAR9PuFI5nS7sw,,,
google_maps,,,,"Ideke Shipping, Sea Freight Services Ltd",,,,,,"Zone 2, Ideke Shipping, Sea Freight Services Ltd, 7 Adetokunbo Ademola Cres, Wuse, Abuja 904101, Federal Capital Territory",,,,,,,,,0,0.000000,9.077166,7.477741,ChIJIdzSCJULThARafnGWhoxs2E,,,
google_maps,,,,Zone 3 Post Office,,,,,,"26 Bamenda Cres, Wuse, Abuja 904101, Federal Capital Territory",92341232,,,,,,,,80,3.400000,9.060534,7.469762,ChIJc1rZ2xoLThARfzot1W7GraQ,,,
google_maps,,,,Group One Dimension Limited,,,,,,"Asokoro, Abuja 904101, Federal Capital Territory",0818 455 1742,,,,,,,,0,0.000000,9.062731,7.469991,ChIJ4YmtZiMLThARrFVMl-ikz2U,,,
google_maps,,,,New Generations Investments,,,,,,"Zone 5, New Generations Investments, Plot 518, Sky Memorial Complex, Michael Okpara St, Federal Capital Territory",0803 973 8333,,,,,,,,0,0.000000,9.065493,7.457596,ChIJbwO1CyELThARsRAl26F5Lq4,,,
google_maps,,,,RICHARD JACKSON & SONS,,,,,,"Zone 5, RICHARD JACKSON & SONS, Suite 43, Nandu Plaza, Plot 566 Ndola Cres, Wuse, Abuja, Federal Capital Territory",0803 306 4017,,,http://rjsng.com/,,,,,1,5.000000,9.059667,7.454640,ChIJ1ZyzXiMLThARdK8-q54fXCc,,,
google_maps,,,,Patibon Services Limited,,,,,,"11 Niafounke St, Wuse, Abuja 904101, Federal Capital Territory",0905 555 0879,,,http://www.patibonservices.com.ng/,,,,,4,5.000000,9.077510,7.460442,ChIJdQnSyqsLThAR6zFcOo5hTCU,,,
google_maps,,,,"Rahjas General Integrated Limited,",,,,,,"Zone 5, 3F75+24Q Rahjas General Integrated Limited,, 6/7 Algiers St, Wuse, Abuja 904101, Federal Capital Territory",0706 177 5491,,,,,,,,0,0.000000,9.062637,7.457811,ChIJawnyRyILThAR6FYw2ZPXvOo,,,
google_maps,,,,Baltic Cargo Services,,,,,,"11 Jere St, ll, Garki, Abuja 900103, Federal Capital Territory",93356230,,,,,,,,0,0.000000,9.027325,7.487580,ChIJqUSayoALThARVORdaAl0QcA,,,
google_maps,,,,Sigmastart Cargo,,,,,,"3CQF+MQP Sigmastart Cargo, Gwarinpa Estate, Abuja 900108, Federal Capital Territory",0809 444 4136,,,https://sigmastartltd.com/,,,,,0,0.000000,9.089159,7.424438,ChIJddAVEQB1ThARYn6WFDQc_GU,,,
google_maps,,,,Global Express,,,,,,"Area 3, Global Express, Plot 500 Ndamala House, opposite Afri Bank, Federal Capital Territory",0816 483 2163,,,,,,,,1,3.000000,9.028631,7.476938,ChIJnV9cp9ALThARyqUx_G7eSh8,,,
google_maps,,,,Hlks Cargonigeria,,,,,,"Kaura shopping complex, Gudu, Abuja, Federal Capital Territory",0803 415 7077,,,http://hlkscargonigeria.com/,,,,,1,5.000000,9.008361,7.477578,ChIJuYQ53IsMThARqIITvLAfHCg,,,
google_maps,,,,"ABC Transport, Kubwa NNPC JUNCTION OPPOSITE ETERNA, INSIDE AMMASCO FILLING STATION ZULUIATU PLAZA",,,,,,"48V9+VXR ABC Transport, Kubwa NNPC JUNCTION OPPOSITE ETERNA, INSIDE AMMASCO FILLING STATION ZULUIATU PLAZA, Kubwa, 901101, Federal Capital Territory",0907 683 5925,,,http://www.abctransport.com/,,,,,23,3.400000,9.144732,7.319890,ChIJ59Ov2CvZTRARfcuulDO0VbI,,,
google_maps,,,,Delivered by Zay,,,,,,"Central Market, Kubwa, Abuja 900108, Federal Capital Territory",0814 974 8188,,,,,,,,0,0.000000,9.157082,7.321162,ChIJ2Q-qPOdlThARzWjx_vivUaM,,,
google_maps,,,,Abbysam Academy,,,,,,"Road No.536, Junior Navy Qtrs, Phase 4 Kubwa, off HFA, Abuja, Federal Capital Territory",0803 787 2672,,,,,,,,0,0.000000,9.055265,7.478981,ChIJxZj7-QALThARcZavQCe_lnc,,,
google_maps,,,,DHL Service Point (DISLAND INTERNATIONAL LIMITED),,,,,,"2 Baba St, Abacha Rd, beside MTN OFFICE, OP, Abuja 900101, Nasarawa",0803 907 7000,,,https://locator.dhl.com/results?address=id:ABV475&language=en&lc=NG&resultUom=km&clientAppCode=GYD,,,,,8,4.600000,9.029501,7.585437,ChIJEREYT2IJThAR6LUXKohU4xo,,,
google_maps,,,,OKIKE CARGO SERVICES,,,,,,,0802 274 1860,,,https://www.facebook.com/OKIKECARGOSERViCES,,,,,0,0.000000,28.871537,63.026047,ChIJ1Y_7Zu8CiScR7vfCb1puuaE,,,
google_maps,,,,3 brothers cargo,,,,,,,+86 195 7640 7254,,,,,,,,0,0.000000,20.899860,68.719509,ChIJ-9RIcDMJLYsRHUGPAlYXnQ8,,,
google_maps,,,,Dejxpress LTD,,,,,,,0706 636 7876,,,http://www.dejxpress.com/,,,,,0,0.000000,9.238602,6.013132,ChIJUZmCVp6ZM6YRJ1NHRlZL4ho,,,
google_maps,,,,DHL Service Point (SPICK SPAN),,,,,,"SUITE 11 CUBE PLAZA, BESIDE KARU MARKET, New Karu, Federal Capital Territory",0803 907 7000,,,https://locator.dhl.com/results?address=id:ABV486&language=en&lc=NG&resultUom=km&clientAppCode=GYD,,,,,4,4.800000,9.007099,7.575500,ChIJn0ueT00PWhARvibAPOKYH-4,,,
google_maps,,,,Nyanya Market,,,,,,"Urban Mass Nyanya Market, Federal Capital Territory",,,,,,,,,5267,3.800000,9.024354,7.567407,ChIJs3dVZdUIThARufm9GYhosms,,,
google_maps,,,,Safetrip Limited,,,,,,"Area 1, Safetrip Limited, Shehu Shagari Plaza, Garki, Abuja 900103, Federal Capital Territory",0803 054 5616,,,,,,,,1,4.000000,9.030350,7.470490,ChIJsQ8eU2MLThARr88NH64lCMM,,,
google_maps,,,,"Young Shall Grow Motor Limited, Mararaba Terminal",,,,,,"2HHQ+V79 Young Shall Grow Motor Limited, Mararaba Terminal, Abuja-Keffi Rd, Ado 900101, Federal Capital Territory",0816 867 6910,,,,,,,,237,3.500000,9.029651,7.588222,ChIJS5cW6skIThARtxrhltf-Co4,,,
google_maps,,,,God is good Motors,,,,,,"48W9+6J2 God is good Motors, Market, Kukwaba Rd, Kubwa, Abuja 901101, Federal Capital Territory",0916 312 6380,,,,,,,,905,3.800000,9.145517,7.319007,ChIJNSIap-jYTRARWKPMxDu1ipY,,,
google_maps,,,,Richworld Cargo & Logistics,,,,,,"278M+X9P Richworld Cargo & Logistics, road, Airport, road 900001, Federal Capital Territory",0806 676 0340,,,,,,,,2,4.500000,9.017731,7.282721,ChIJG-uZ3pNxThARt_pBsFBf-K8,,,
google_maps,,,,Cargo warehouse,,,,,,"Innamdi Azikwe International Airport, Abuja, Abuja 900001, Federal Capital Territory",0810 424 1884,,,http://maxikavod.com/,,,,,31,4.300000,9.013530,7.273579,ChIJ43FXEvxxThARD_yaZaioj7I,,,
google_maps,,,,Baltic Aviation Cargo,,,,,,"Int. Airport, NACO Shed premises, Nnamdi Azikwe St, Abuja, Federal Capital Territory",,,,,,,,,0,0.000000,8.977682,7.468840,ChIJRYgT7BwNThAR0XTG24k7adY,,,
google_maps,,,,Cargo Freight Logistics Ltd,,,,,,"H82M+2V2 Cargo Freight Logistics Ltd, Int'l Airport Rd, Mafoluku Oshodi, Lagos 102214, Lagos",0806 541 4793,,,,,,,,1,4.000000,6.550018,3.334654,ChIJoWA7kwuOOxARMH9cGL7wSKA,,,
google_maps,,,,Abuja Cargo Export Hub,,,,,,"Suite 7A, Abuja Cargo Export Hub, Nnamdi Azikiwe International Airport, NAHCO Cargo Complex, Nnamdi Azikiwe International Airport, Export Wing, Abuja 900001, Federal Capital Territory",0806 800 6861,,,,,,,,0,0.000000,9.024539,7.246372,ChIJ7T_cIVILThARx9bOaFTaVss,,,
google_maps,,,,Emmy Greg cargo express services,,,,,,"cargo warehouse Abuja airport, Abuja 900107, Federal Capital Territory",0803 636 8479,,,,,,,,1,5.000000,9.007840,7.273616,ChIJD5DHj8lxThARmf6yUIqK0Mg,,,
google_maps,,,,Truck-itt,,,,,,"32 Cres, Gwarinpa Estate, Bwari 900107, Federal Capital Territory",0807 336 9013,,,https://truckitt.com.ng/,,,,,13,4.900000,9.107048,7.403519,ChIJQR7ruU51ThARKq26ncPwgKY,,,
google_maps,,,,LIFTLINE Nigeria Ltd. (Abuja Branch),,,,,,"Aminu Kano Cres, Wuse 2, Abuja 900288, Federal Capital Territory",0916 000 3370,,,https://www.liftline.co/,,,,,1,5.000000,9.072321,7.468674,ChIJ6TthcUoLThARy1R9Uvvb_e8,,,
google_maps,,,,Malez Furniture Rental Services,,,,,,"P.O.W. Mafemi Cres, Jabi, AMAC 900108, Federal Capital Territory",0809 530 0002,,,,,,,,0,0.000000,9.070064,7.434491,ChIJ7aeZibtPdkMRhGjrQmWYkRE,,,
google_maps,,,,Imo Mass Transport Company,,,,,,"Plot 503 Obafemi Awolowo Wy, Jabi, Abuja 900108, Federal Capital Territory",0916 684 9441,,,,,,,,3,4.000000,9.066066,7.430446,ChIJJeZ8vJB1ThARwxIw6N5UYyk,,,
google_maps,,,,P & P Movers and Logistics,,,,,,"Opposite Central Mosque, Phase 4, Kubwa, Abuja 901101, Federal Capital Territory",0702 566 0200,,,,,,,,0,0.000000,9.153570,7.345136,ChIJ_X9t2sLZTRARE0fyaf7EpXM,,,
google_maps,,,,Hassle Free Logistics,,,,,,"Plot 522 Kubwa Extension layout, Cadastral Zone Bwari Area Council, Kubwa 901101, Federal Capital Territory",0814 801 8537,,,,,,,,3,4.700000,9.164937,7.316094,ChIJ__SdN43ZTRARLJYyISXrbU0,,,
google_maps,,,,Revv Express Logistics Ltd,,,,,,"24 Blantyre Cres, Wuse 2, Abuja 900211, Federal Capital Territory",0815 555 5782,,,,,,,,2,5.000000,9.073079,7.484029,ChIJF-pGitILThARBV9HYs4dwYQ,,,
google_maps,,,,Oyimag Logistics,,,,,,"3C9X+4X3 Oyimag Logistics, Obafemi Awolowo Wy, Mabushi, Abuja 900108, Federal Capital Territory",0802 849 6067,,,,,,,,1,3.000000,9.067765,7.449930,ChIJm8b4eCILThARuHCANaIQkBY,,,
google_maps,,,,SpeedMax Logistics - Abuja,,,,,,"Back of NYSC Camp, Gbazango Extension, Kubwa, Abuja, Federal Capital Territory",0913 335 5634,,,https://speedmax.com.ng/,,,,,1,5.000000,9.148698,7.318244,ChIJO0Hs8P51ThAR-JV1M35P84w,,,
google_maps,,,,SALENLOGISTICS,,,,,,"584J+FW4 SALENLOGISTICS, Treasury house,GarkiII, Kubwa, Federal Capital Territory",0809 136 2084,,,,,,,,10,3.300000,9.156140,7.332313,ChIJKc5rXN7YTRARrcgiEw0wm0Y,,,
google_maps,,,,FlashRock Logistics,,,,,,"Share Close, Lagos Crescent 2/1 Kubwa, Local, Government Area, Abuja 900108, Federal Capital Territory",0902 720 0335,,,,,,,,2,5.000000,9.156866,7.352583,ChIJKSFXyMbfTRARRSklRmm-FO0,,,
google_maps,,,,Packwaka Movers,,,,,,"All over avenue, Abegyi estate, No 11, FCT, Abuja, Federal Capital Territory",0806 934 7948,,,,,,,,5,5.000000,9.292637,7.353386,ChIJwZ9Cj9fDTRARjkfvV3rtlRA,,,
google_maps,,,,Greenbox Facilities Limited,,,,,,"Zone 2, Greenbox Facilities Limited, 43 Gaborone St, Wuse, Abuja 900281, Federal Capital Territory",0814 984 3545,,,http://www.greenboxfacilities.com/,,,,,65,4.000000,9.057478,7.463276,ChIJt8LsUoQMThARxxPA1tjDfPs,,,
google_maps,,,,Interstate Car Movers,,,,,,,0701 040 3740,,,,,,,,7,4.400000,8.408702,5.865318,ChIJuVS3yZpm3owR5TDuYH0_GhU,,,
google_maps,,,,Masarki Nigeria Limited,,,,,,"3 Masarki Close, off Dakala St, Wuse 2, Abuja",0901 999 9990,,,http://masarki.com/,,,,,15,4.500000,9.077600,7.467132,ChIJS8ADE9l0ThARq-XBR_lzCJ4,,,
google_maps,,,,C.N. Okoli Investment Co. Nig. Ltd,,,,,,"13 Shetima Ali Mungono Cres, District, Abuja 900108, Federal Capital Territory",0805 544 4846,,,,,,,,9,3.400000,9.063681,7.451886,ChIJvQOhLCQLThARYywuh7joiXo,,,
google_maps,,,,"Dodo Pizza, Wuse 2",,,,,,"18 Dar-Es-Salam St, Wuse 2, Abuja 900288, Federal Capital Territory",0913 333 3627,,,https://dodopizza.ng/,,,,,56,4.300000,9.073296,7.467687,ChIJWetxYhYLThARhA6OElDXZ40,,,
google_maps,,,,Eko Bistro Wuse,,,,,,"Zone 6, Eko Bistro Wuse, 14 Cotonou Cres, off Bissau Street, Wuse, AMAC 900286, Federal Capital Territory",0813 166 1967,,,,,,,,1,4.000000,9.069868,7.462746,ChIJO4IgUOkLThAR9Fya82_oVZk,,,
google_maps,,,,Chicken Capitol,,,,,,"4 Lingu Cres, off Aminu Kano Crescent, behind Hyde filling station, Wuse II, Abuja 900288, Federal Capital Territory",0816 222 3000,,,https://chickencapitol.com/,,,,,4108,4.100000,9.072603,7.466438,ChIJxyLXteMKThARXl6buT1BQ48,,,
google_maps,,,,PIZZA HUT WUSE ZONE 3,,,,,,"Herbert Macaulay Wy, beside NNPC, Wuse, Abuja 900281, Federal Capital Territory",0201 411 9999,,,https://pizzahut.ng/,,,,,30,4.900000,9.063164,7.476489,ChIJoXduDIsLThAR9YCK42ZlT-M,,,
google_maps,,,,Downtown Takeaway/Wuse2,,,,,,"138 Adetokunbo Ademola Cres, Wuse, Abuja 900211, Federal Capital Territory",0909 811 1111,,,,,,,,109,4.200000,9.078337,7.479910,ChIJZcChNe4LThARLRE38AWY-Kk,,,
google_maps,,,,Yemere Frozen Foods,,,,,,"AMAC) Wards, Wuse market shop E189 cold room section, Wuse Market Rd, Abuja 900281, Federal Capital Territory",0901 441 8339,,,,,,,,2,5.000000,9.069831,7.464792,ChIJAYHXQrwLThARpEB3k_mfqlM,,,
google_maps,,,,Chicken Republic - Aminu Kano,,,,,,"2 Aminu Kano Cres, Wuse 2, Abuja 904101, Federal Capital Territory",0700 0642 36423,,,https://www.chicken-republic.com/store-locator/,,,,,1175,4.100000,9.073569,7.471314,ChIJeyG6rOcKThAROTZ57qkzHZE,,,
google_maps,,,,Pie Express Eterna Wuse,,,,,,"3FJ8+MFR Pie Express Eterna Wuse, Aminu Kano Cres, Wuse, Abuja 904101, Federal Capital Territory",0908 834 9489,,,,,,,,10,4.000000,9.081744,7.466127,ChIJzUTcVYcLThARbHFYS5uNT6o,,,
google_maps,,,,K&Q (Kings And Queens) Food Palace,,,,,,"19 Libreville Cres, Wuse, Abuja 904101, Federal Capital Territory",0812 643 4123,,,,,,,,189,4.300000,9.076313,7.460827,ChIJ_Z_5josKThARN6zaSrMQdRY,,,
google_maps,,,,DELIZZ SUPERMARKET ABUJA,,,,,,"75 Aminu Kano Cres, Wuse 2, Abuja 900288, Federal Capital Territory",0818 439 4034,,,http://instagram.com/delizz_abuja,,,,,411,4.300000,9.075894,7.464274,ChIJOw_7UWoLThARCvxmTZTAl1o,,,
google_maps,,,,Paparimz,,,,,,"Bangui St, off Atakpame Street, Wuse, Abuja 904101, Federal Capital Territory",0902 679 3458,,,https://www.instagram.com/paparimz_pizza/,,,,,169,4.200000,9.069462,7.479118,ChIJ6yXeZn4LThARHy-xb3qlIN0,,,
google_maps,,,,TJs kitchen fresh and fast African dishes,,,,,,"Zone 5, TJs kitchen fresh and fast African dishes, sheikh Ibrahim inyass Plaza, 17 Mombasa St, Airport road, Wuse, Abuja 900285, Federal Capital Territory",0810 001 0526,,,,,,,,1,5.000000,9.066424,7.463774,ChIJ97iAd8ULThARD7YxwW3dRTc,,,
google_maps,,,,Debonairs Pizza,,,,,,"Sultan Abubakar Wy, Wuse, Abuja 904101, Federal Capital Territory",0700 777 4992,,,https://www.debonairspizzang.com/en/,,,,,305,4.000000,9.059974,7.466941,ChIJga5Bmy8LThARYKbOq55ir3Y,,,
google_maps,,,,"Grillzhut by Derda Garden (Wuse,Zone 5)",,,,,,"Zone 5, Grillzhut by Derda Garden (Wuse,Zone 5), 10-12 Senanga St, Wuse, Abuja 904101, Federal Capital Territory",,,,,,,,,247,4.200000,9.061560,7.462177,ChIJaZ-eR7ILThAR9eOOYis1TLQ,,,
google_maps,,,,So Fresh Wuse 2,,,,,,"130 Aminu Kano Cres, Wuse 2, Abuja 904101, Federal Capital Territory",0902 315 6694,,,http://www.sofreshng.com/,,,,,484,4.300000,9.075436,7.472174,ChIJufXJDPsKThARd-DstDxC5X8,,,
google_maps,,,,Domino's Pizza - Abuja - Wuse II,,,,,,"52 Kumasi Cresent, Off Aminu Kano street - Wuse II, Kumasi Cres, Wuse, Abuja 900288, Federal Capital Territory",0908 888 9999,,,http://www.dominos.ng/,,,,,6798,4.200000,9.079759,7.477124,ChIJkTsXtvcKThARLRxOZWdz130,,,
google_maps,,,,Clay Pot Takeaway Abuja,,,,,,"25 Kumasi Cres, off Aminu Kano Crescent, Wuse II, Abuja 900288, Federal Capital Territory",0708 708 0162,,,https://claypot.africa.restaurant/,,,,,2,5.000000,9.082398,7.480453,ChIJqbQnN-ALThAR3oU6WDFuikI,,,
google_maps,,,,Tastia Restaurant and Bakery,,,,,,"Adetokunbo Ademola Cres, Wuse, Abuja 900288, Federal Capital Territory",0806 645 8869,,,,,,,,325,4.300000,9.078577,7.479201,ChIJTfd5SDoLThARAyZ7f9asZNk,,,
google_maps,,,,Vibe by Ann’s,,,,,,"23 Atbara St, off Cairo Crescent, Wuse, Abuja 904101, Federal Capital Territory",0915 555 5908,,,,,,,,879,4.300000,9.075668,7.478709,ChIJDX4dn0ALThARvdee7H9etoE,,,
google_maps,,,,Jamal's Shawarma Garki,,,,,,"Funmilayo Ransome Kuti Rd, Area 3, Abuja 900103, Federal Capital Territory",0907 122 6917,,,,,,,,135,4.300000,9.028209,7.484030,ChIJP-HAYn0LThARhmoqnzUCM5c,,,
google_maps,,,,Hayaku Delivery Express,,,,,,"1 Birnin Kebbi Cres, Garki, Abuja 900101, Federal Capital Territory",0705 893 1343,,,https://hayakuexpress.com/,,,,,0,0.000000,9.022018,7.482109,ChIJifoN3xUNThAR5RZKZ80Yt60,,,
google_maps,,,,Mix and Shakes by Beeba,,,,,,,0703 031 2000,,,,,,,,1,5.000000,8.914010,7.250931,ChIJfTqQxI_T708RKtiVn4ae_gw,,,
google_maps,,,,Ahmad's Shawarma & Pizza,,,,,,"Plot 105 Ahmadu Bello Wy, Garki 2, Abuja 900103, Federal Capital Territory",0802 379 5872,,,,,,,,174,4.100000,9.029629,7.493674,ChIJp-H0sncLThAR7TijUeBmYto,,,
google_maps,,,,DOVELLI FOODS,,,,,,"Zone 6, DOVELLI FOODS, FBI-Porbeni Estate, No.6 Cotonou Cres, Wuse, Abuja 904101, Federal Capital Territory",0803 655 9989,,,,,,,,1,5.000000,9.069243,7.462067,ChIJ-0ySpDQLThARQgJvXwSuqRU,,,
google_maps,,,,Rommytraco Nigeria Ltd,,,,,,"Shop 22, Area 2 Shopping Centre, Area 2 Garki, Federal Capital Territory",0803 388 9627,,,,,,,,0,0.000000,9.069010,7.464460,ChIJDaKZWN4LThARjkPR6ILCzts,,,
google_maps,,,,Amala Matter,,,,,,"Zone 6, Amala Matter, 13 Dire - Dawa St, Wuse, Abuja 904101, Federal Capital Territory",0818 028 1062,,,,,,,,11,4.500000,9.069175,7.458891,ChIJ5RTk_gQLThARGvTHX4hgX7Y,,,
google_maps,,,,Fudville kitchen,,,,,,,0901 200 8000,,,,,,,,1,5.000000,9.033872,8.670771,ChIJBb12xCgLThARq9oT_wU3f68,,,
google_maps,,,,"Romeo's Pizza Garki, Abuja",,,,,,"Area 8, Romeo's Pizza Garki, Abuja, 4 Ogbomosho St, Garki, Abuja 900103, Federal Capital Territory",0707 963 2329,,,https://romeospizza.ng/order-now/,,,,,92,4.000000,9.034576,7.488196,ChIJr3Nk9rYLThARl40tq9Wradk,,,
google_maps,,,,Wakafoods - online food delivery in Abuja,,,,,,"15 Aba Cl, Garki, Abuja 901101, Federal Capital Territory",0907 200 0001,,,http://www.wakafoods.com/,,,,,40,4.400000,9.033568,7.488809,ChIJy5-RZJx1ThARM66dJ3KKncw,,,
google_maps,,,,"Biobak Kitchen, Garki 2",,,,,,"Plot 1274, Nkwere Crescent, Off Muhammed Buhari Way By NIPOST Headquarters Area 11, Abuja 900001, Federal Capital Territory",0906 479 0362,,,,,,,,1252,4.100000,9.032417,7.497644,ChIJSZJzgo4LThARAPYqdGIqqco,,,
google_maps,,,,Dosh's Eats,,,,,,"18 Kitwe St, Wuse, Abuja 904101, Federal Capital Territory",0903 444 9848,,,https://wa.me/c/2349034449848,,,,,379,4.000000,9.068560,7.471201,ChIJvcduRoYLThARUwGbKC5_AFs,,,
google_maps,,,,Jevinik Restaurant Garki 2,,,,,,"Samuel Ladoke Akintola Boulevard, Garki 2, Abuja 900110, Federal Capital Territory",0701 586 3655,,,http://www.jevinik.com/,,,,,3092,4.100000,9.024679,7.487765,ChIJAakApHgMThARS0I2uVBToa0,,,
google_maps,,,,Emmy Kitchen Restaurant & Bar (Calabar Kitchen),,,,,,"Garki II Shopping Complex, Mohammadu Buhari Wy, Garki, Abuja 900103, Federal Capital Territory",0815 520 2382,,,,,,,,387,3.900000,9.031386,7.496603,ChIJXwDRvY4LThAR2S-zR8yDsBo,,,
google_maps,,,,Pizza Hut Garki 2,,,,,,"36 Samuel Ladoke Akintola Boulevard, Garki, Abuja 900110, Federal Capital Territory",0201 411 9999,,,http://www.pizzahut.ng/,,,,,232,4.200000,9.017997,7.492036,ChIJX9krs-0NThARYhyB5L1-4OI,,,
google_maps,,,,"Tastia Restaurant, Bakery and Cafe",,,,,,"By Tipper Garage, 118 32 Cres, Gwarinpa, 900108, Federal Capital Territory",,,,,,,,,1387,4.300000,9.109043,7.404401,ChIJjenTSyx1ThAR5gv2poV9yqE,,,
google_maps,,,,Amala Sky Garki,,,,,,"9 Owerri St, Garki, Abuja 900103, Federal Capital Territory",0811 254 9818,,,,,,,,33,4.200000,9.036955,7.488412,ChIJNynENgALThARayoCnJY6PZs,,,
google_maps,,,,Munchy's Kitchen Gwarinpa,,,,,,"68 1st Avenue, Gwarinpa, 900108, Federal Capital Territory",0808 653 6986,,,,,,,,51,4.800000,9.106634,7.417667,ChIJD6njyBV1ThAR9Y2WlFUkLz0,,,
google_maps,,,,Joyful Bite,,,,,,"https://maps.app.goo.gl/HcU33p61cBVNDUfk8, 2nd Avenue, Gwarinpa Estate, Gwarinpa 900108, Federal Capital Territory",0704 498 5273,,,,,,,,37,4.400000,9.100577,7.418087,ChIJpU9QPTJ1ThARlYhhTMrEovA,,,
google_maps,,,,DIANAS DELIGHT NG,,,,,,"Plot 50/52 1st Avenue, beside cloud kings Gwarinpa (before drumstix, Gwarinpa 900108, Federal Capital Territory",0802 920 8066,,,,,,,,28,5.000000,9.109890,7.404241,ChIJE6rIvm51ThARxmNiAPN0FGo,,,
google_maps,,,,Amala Connect Gwarimpa,,,,,,"489 Inu Umoru Ave, 2nd Ave, Gwarinpa Estate, Gwarinpa 900108, Federal Capital Territory",0906 551 3083,,,http://wa.me/qr/DB72RZY5ZFM6B1,,,,,295,3.900000,9.106582,7.422146,ChIJL8Andkx1ThARkstN7zXINj0,,,
google_maps,,,,Zzone foods Gwarinpa (shawarma Zone),,,,,,"3rd avenue, Zzone foods Gwarinpa (shawarma Zone), Victoria ajayi mall, Gwarinpa, Abuja 900101, Federal Capital Territory",0906 134 7170,,,,,,,,155,4.300000,9.112759,7.404574,ChIJ7elamMPfTRARRiDHHyZj7EI,,,
google_maps,,,,Naija Dishes 2nd Avenue Gwarimpa,,,,,,"2nd Ave, Gwarinpa Estate, Gwarinpa 900108, Federal Capital Territory",0818 661 5084,,,,,,,,23,4.100000,9.108570,7.422019,ChIJVU89SN51ThARkh2eTuBtIP0,,,
google_maps,,,,DownTown TakeAway/Gwarinpa,,,,,,"no.3 3rd Ave, Gwarinpa Estate, Gwarinpa 900108, Federal Capital Territory",0909 166 6620,,,,,,,,893,4.100000,9.095490,7.414866,ChIJC6yJutV1ThARKaFgnIy-yVY,,,
google_maps,,,,The Place Restaurant Gwarinpa,,,,,,"138 Pa Michael Imoudu Ave, Gwarinpa, 900108, Federal Capital Territory",0916 327 5484,,,,,,,,361,4.200000,9.111735,7.404578,ChIJuyFPtBV1ThAR9daVdC0p9Xw,,,
google_maps,,,,Plantain Palace Gwarinpa,,,,,,"4C58+2R3 Plantain Palace Gwarinpa, Fidelity Bank Junction, 1st Avenue, Gwarinpa, Abuja 900108, Federal Capital Territory",0810 656 5395,,,,,,,,57,4.000000,9.107523,7.417058,ChIJYyVQKMF1ThARbsxcwDA17Ps,,,
google_maps,,,,Emeralds Specials,,,,,,"522 Rd, Gwarinpa, 900108, Federal Capital Territory",0816 080 2404,,,https://mainstack.me/emeraldspecials,,,,,24,5.000000,9.107195,7.414430,ChIJYfLKbnZ1ThARIwSRkiymf0Y,,,
google_maps,,,,Dodo Pizza Gwarinpa,,,,,,"Pa Michael Imoudu Ave, Gwarinpa, 900108, Federal Capital Territory",0705 209 2857,,,http://www.dodopizza.ng/,,,,,40,3.800000,9.102935,7.404631,ChIJz3qvBOF1ThARUJKTfyAsTso,,,
